Rank,lemma,Frequency_Score,pos,english_definition,example_vi,example_en
1,là,7.26,unknown,error,,
2,và,7.17,unknown,error,,
3,có,7.13,unknown,error,,
4,của,7.1,unknown,error,,
5,được,7.01,unknown,error,,
6,một,7.0,unknown,error,,
7,các,6.99,unknown,error,,
8,không,6.95,unknown,error,,
9,trong,6.94,unknown,error,,
10,cho,6.9,unknown,error,,
11,người,6.84,unknown,error,,
12,này,6.82,unknown,error,,
13,với,6.79,unknown,error,,
14,ở,6.78,unknown,error,,
15,đã,6.76,unknown,error,,
16,thể,6.73,unknown,error,,
17,để,6.72,unknown,error,,
18,như,6.65,unknown,error,,
19,những,6.63,unknown,error,,
20,đến,6.63,unknown,error,,
21,khi,6.61,unknown,error,,
22,làm,6.61,unknown,error,,
23,sẽ,6.6,unknown,error,,
24,từ,6.6,unknown,error,,
25,ra,6.59,unknown,error,,
26,công,6.57,unknown,error,,
27,họ,6.57,unknown,error,,
28,tại,6.57,unknown,error,,
29,về,6.57,unknown,error,,
30,vào,6.55,unknown,error,,
31,đó,6.55,unknown,error,,
32,cũng,6.54,unknown,error,,
33,thành,6.53,unknown,error,,
34,lại,6.52,unknown,error,,
35,đầu,6.5,unknown,error,,
36,chỉ,6.49,unknown,error,,
37,năm,6.49,unknown,error,,
38,sự,6.49,unknown,error,,
39,tôi,6.49,unknown,error,,
40,bị,6.48,unknown,error,,
41,học,6.48,unknown,error,,
42,phải,6.48,unknown,error,,
43,chính,6.47,unknown,error,,
44,ngày,6.47,unknown,error,,
45,số,6.47,unknown,error,,
46,ông,6.47,unknown,error,,
47,động,6.47,unknown,error,,
48,mà,6.46,unknown,error,,
49,nhà,6.46,unknown,error,,
50,thì,6.46,unknown,error,,
51,trên,6.45,unknown,error,,
52,việc,6.45,unknown,error,,
53,sau,6.41,unknown,error,,
54,nam,6.4,unknown,error,,
55,điều,6.4,unknown,error,,
56,còn,6.39,unknown,error,,
57,chúng,6.38,unknown,error,,
58,gia,6.38,unknown,error,,
59,mình,6.38,unknown,error,,
60,thế,6.38,unknown,error,,
61,nhưng,6.37,unknown,error,,
62,rất,6.37,unknown,error,,
63,đi,6.37,unknown,error,,
64,bộ,6.36,unknown,error,,
65,nhân,6.36,unknown,error,,
66,thực,6.36,unknown,error,,
67,bạn,6.35,unknown,error,,
68,hiện,6.35,unknown,error,,
69,theo,6.35,unknown,error,,
70,thời,6.35,unknown,error,,
71,anh,6.34,unknown,error,,
72,con,6.34,unknown,error,,
73,hơn,6.34,unknown,error,,
74,nước,6.34,unknown,error,,
75,nhất,6.33,unknown,error,,
76,sinh,6.33,unknown,error,,
77,đây,6.33,unknown,error,,
78,nên,6.31,unknown,error,,
79,sử,6.31,unknown,error,,
80,cả,6.3,unknown,error,,
81,quốc,6.3,unknown,error,,
82,trung,6.3,unknown,error,,
83,hành,6.29,unknown,error,,
84,hình,6.29,unknown,error,,
85,phát,6.29,unknown,error,,
86,vì,6.29,unknown,error,,
87,1,6.28,unknown,error,,
88,nó,6.28,unknown,error,,
89,cần,6.27,unknown,error,,
90,nhiều,6.27,unknown,error,,
91,tin,6.27,unknown,error,,
92,đại,6.27,unknown,error,,
93,quan,6.26,unknown,error,,
94,viên,6.26,unknown,error,,
95,đang,6.26,unknown,error,,
96,biết,6.25,unknown,error,,
97,ta,6.25,unknown,error,,
98,độ,6.25,unknown,error,,
99,do,6.24,unknown,error,,
100,hội,6.24,unknown,error,,
101,lên,6.24,unknown,error,,
102,việt,6.24,unknown,error,,
103,đồng,6.24,unknown,error,,
104,hay,6.23,unknown,error,,
105,khác,6.23,unknown,error,,
106,nếu,6.23,unknown,error,,
107,trước,6.23,unknown,error,,
108,bản,6.22,unknown,error,,
109,dân,6.22,unknown,error,,
110,kết,6.22,unknown,error,,
111,nói,6.22,unknown,error,,
112,định,6.22,unknown,error,,
113,thứ,6.21,unknown,error,,
114,cùng,6.2,unknown,error,,
115,cầu,6.2,unknown,error,,
116,nào,6.2,unknown,error,,
117,xuất,6.2,unknown,error,,
118,dụng,6.19,unknown,error,,
119,lý,6.19,unknown,error,,
120,pháp,6.19,unknown,error,,
121,2,6.18,unknown,error,,
122,cao,6.18,unknown,error,,
123,thị,6.18,unknown,error,,
124,trường,6.18,unknown,error,,
125,tên,6.18,unknown,error,,
126,tốt,6.18,unknown,error,,
127,cách,6.17,unknown,error,,
128,thấy,6.17,unknown,error,,
129,văn,6.17,unknown,error,,
130,chủ,6.16,unknown,error,,
131,qua,6.16,unknown,error,,
132,thích,6.16,unknown,error,,
133,vị,6.16,unknown,error,,
134,mới,6.15,unknown,error,,
135,phần,6.15,unknown,error,,
136,tự,6.15,unknown,error,,
137,ý,6.15,unknown,error,,
138,giải,6.14,unknown,error,,
139,bảo,6.13,unknown,error,,
140,cơ,6.13,unknown,error,,
141,em,6.13,unknown,error,,
142,giới,6.13,unknown,error,,
143,hợp,6.13,unknown,error,,
144,liên,6.13,unknown,error,,
145,bằng,6.12,unknown,error,,
146,hai,6.12,unknown,error,,
147,ngoài,6.12,unknown,error,,
148,3,6.11,unknown,error,,
149,cảm,6.11,unknown,error,,
150,giúp,6.11,unknown,error,,
151,tới,6.11,unknown,error,,
152,vậy,6.11,unknown,error,,
153,tháng,6.1,unknown,error,,
154,trình,6.1,unknown,error,,
155,ăn,6.1,unknown,error,,
156,điểm,6.1,unknown,error,,
157,chức,6.09,unknown,error,,
158,lớn,6.09,unknown,error,,
159,sống,6.09,unknown,error,,
160,thông,6.09,unknown,error,,
161,thường,6.09,unknown,error,,
162,bình,6.08,unknown,error,,
163,cuộc,6.08,unknown,error,,
164,nhận,6.08,unknown,error,,
165,quá,6.08,unknown,error,,
166,sản,6.08,unknown,error,,
167,tế,6.08,unknown,error,,
168,yêu,6.08,unknown,error,,
169,hoặc,6.07,unknown,error,,
170,lượng,6.07,unknown,error,,
171,vụ,6.07,unknown,error,,
172,đường,6.07,unknown,error,,
173,cô,6.06,unknown,error,,
174,rằng,6.06,unknown,error,,
175,thống,6.06,unknown,error,,
176,tiếp,6.06,unknown,error,,
177,tính,6.06,unknown,error,,
178,vẫn,6.06,unknown,error,,
179,xe,6.06,unknown,error,,
180,gì,6.05,unknown,error,,
181,khu,6.05,unknown,error,,
182,loại,6.05,unknown,error,,
183,muốn,6.05,unknown,error,,
184,tập,6.05,unknown,error,,
185,cái,6.04,unknown,error,,
186,tác,6.04,unknown,error,,
187,đối,6.04,unknown,error,,
188,hàng,6.03,unknown,error,,
189,hệ,6.03,unknown,error,,
190,trị,6.03,unknown,error,,
191,tìm,6.03,unknown,error,,
192,địa,6.03,unknown,error,,
193,lần,6.02,unknown,error,,
194,lực,6.02,unknown,error,,
195,tay,6.02,unknown,error,,
196,trở,6.02,unknown,error,,
197,bao,6.01,unknown,error,,
198,hóa,6.01,unknown,error,,
199,mặt,6.01,unknown,error,,
200,mỹ,6.01,unknown,error,,
201,nay,6.01,unknown,error,,
202,thủ,6.01,unknown,error,,
203,tiền,6.01,unknown,error,,
204,gọi,6.0,unknown,error,,
205,kỳ,6.0,unknown,error,,
206,máy,6.0,unknown,error,,
207,tiếng,6.0,unknown,error,,
208,tạo,6.0,unknown,error,,
209,chi,5.99,unknown,error,,
210,cấp,5.99,unknown,error,,
211,kinh,5.99,unknown,error,,
212,tham,5.99,unknown,error,,
213,toàn,5.99,unknown,error,,
214,bắt,5.98,unknown,error,,
215,giáo,5.98,unknown,error,,
216,minh,5.98,unknown,error,,
217,nghiệp,5.98,unknown,error,,
218,nhau,5.98,unknown,error,,
219,nhiên,5.98,unknown,error,,
220,thêm,5.98,unknown,error,,
221,ảnh,5.98,unknown,error,,
222,ban,5.97,unknown,error,,
223,bất,5.97,unknown,error,,
224,chiến,5.97,unknown,error,,
225,chưa,5.97,unknown,error,,
226,giờ,5.97,unknown,error,,
227,mọi,5.97,unknown,error,,
228,phương,5.97,unknown,error,,
229,rồi,5.97,unknown,error,,
230,thức,5.97,unknown,error,,
231,tích,5.97,unknown,error,,
232,xem,5.97,unknown,error,,
233,xã,5.97,unknown,error,,
234,hoa,5.96,unknown,error,,
235,nguyên,5.96,unknown,error,,
236,phòng,5.96,unknown,error,,
237,tổ,5.96,unknown,error,,
238,đặc,5.96,unknown,error,,
239,chú,5.95,unknown,error,,
240,ngay,5.95,unknown,error,,
241,tỉnh,5.95,unknown,error,,
242,nơi,5.94,unknown,error,,
243,sao,5.94,unknown,error,,
244,sĩ,5.94,unknown,error,,
245,tư,5.94,unknown,error,,
246,đạo,5.94,unknown,error,,
247,4,5.93,unknown,error,,
248,bên,5.93,unknown,error,,
249,bố,5.93,unknown,error,,
250,hiệu,5.93,unknown,error,,
251,luôn,5.93,unknown,error,,
252,lúc,5.93,unknown,error,,
253,tổng,5.93,unknown,error,,
254,đề,5.93,unknown,error,,
255,lịch,5.92,unknown,error,,
256,năng,5.92,unknown,error,,
257,quyền,5.92,unknown,error,,
258,tâm,5.92,unknown,error,,
259,tình,5.92,unknown,error,,
260,vật,5.92,unknown,error,,
261,điện,5.92,unknown,error,,
262,đánh,5.92,unknown,error,,
263,5,5.91,unknown,error,,
264,gian,5.91,unknown,error,,
265,tiên,5.91,unknown,error,,
266,tử,5.91,unknown,error,,
267,đất,5.91,unknown,error,,
268,đều,5.91,unknown,error,,
269,bà,5.9,unknown,error,,
270,bài,5.9,unknown,error,,
271,bởi,5.9,unknown,error,,
272,chuyển,5.9,unknown,error,,
273,diện,5.9,unknown,error,,
274,phân,5.9,unknown,error,,
275,thuật,5.9,unknown,error,,
276,đơn,5.9,unknown,error,,
277,hoạt,5.89,unknown,error,,
278,lập,5.89,unknown,error,,
279,mẹ,5.89,unknown,error,,
280,nhanh,5.89,unknown,error,,
281,phố,5.89,unknown,error,,
282,thiết,5.89,unknown,error,,
283,trang,5.89,unknown,error,,
284,tất,5.89,unknown,error,,
285,hãy,5.88,unknown,error,,
286,lời,5.88,unknown,error,,
287,thuộc,5.88,unknown,error,,
288,thật,5.88,unknown,error,,
289,truyền,5.88,unknown,error,,
290,trí,5.88,unknown,error,,
291,vực,5.88,unknown,error,,
292,đông,5.88,unknown,error,,
293,an,5.87,unknown,error,,
294,cá,5.87,unknown,error,,
295,hết,5.87,unknown,error,,
296,nữ,5.87,unknown,error,,
297,phong,5.87,unknown,error,,
298,sách,5.87,unknown,error,,
299,triển,5.87,unknown,error,,
300,báo,5.86,unknown,error,,
301,chất,5.86,unknown,error,,
302,dịch,5.86,unknown,error,,
303,hà,5.86,unknown,error,,
304,nhìn,5.86,unknown,error,,
305,thanh,5.86,unknown,error,,
306,tinh,5.86,unknown,error,,
307,vừa,5.86,unknown,error,,
308,đưa,5.86,unknown,error,,
309,biệt,5.85,unknown,error,,
310,chế,5.85,unknown,error,,
311,khoảng,5.85,unknown,error,,
312,nội,5.85,unknown,error,,
313,từng,5.85,unknown,error,,
314,vô,5.85,unknown,error,,
315,đẹp,5.85,unknown,error,,
316,cảnh,5.84,unknown,error,,
317,diễn,5.84,unknown,error,,
318,dưới,5.84,unknown,error,,
319,kế,5.84,unknown,error,,
320,tiến,5.84,unknown,error,,
321,đoàn,5.84,unknown,error,,
322,đổi,5.84,unknown,error,,
323,đội,5.84,unknown,error,,
324,biến,5.83,unknown,error,,
325,chơi,5.83,unknown,error,,
326,chương,5.83,unknown,error,,
327,câu,5.83,unknown,error,,
328,cổ,5.83,unknown,error,,
329,mục,5.83,unknown,error,,
330,nghệ,5.83,unknown,error,,
331,nhật,5.83,unknown,error,,
332,nữa,5.83,unknown,error,,
333,thân,5.83,unknown,error,,
334,trọng,5.83,unknown,error,,
335,đồ,5.83,unknown,error,,
336,đức,5.83,unknown,error,,
337,cứu,5.82,unknown,error,,
338,dự,5.82,unknown,error,,
339,giữa,5.82,unknown,error,,
340,hiểu,5.82,unknown,error,,
341,phẩm,5.82,unknown,error,,
342,sáng,5.82,unknown,error,,
343,thu,5.82,unknown,error,,
344,tiêu,5.82,unknown,error,,
345,tăng,5.82,unknown,error,,
346,vấn,5.82,unknown,error,,
347,đủ,5.82,unknown,error,,
348,ai,5.81,unknown,error,,
349,dài,5.81,unknown,error,,
350,thay,5.81,unknown,error,,
351,tài,5.81,unknown,error,,
352,bỏ,5.8,unknown,error,,
353,cuối,5.8,unknown,error,,
354,cửa,5.8,unknown,error,,
355,lưu,5.8,unknown,error,,
356,nghĩa,5.8,unknown,error,,
357,phụ,5.8,unknown,error,,
358,thi,5.8,unknown,error,,
359,tuy,5.8,unknown,error,,
360,đình,5.8,unknown,error,,
361,6,5.79,unknown,error,,
362,chuyện,5.79,unknown,error,,
363,dùng,5.79,unknown,error,,
364,giao,5.79,unknown,error,,
365,giá,5.79,unknown,error,,
366,hòa,5.79,unknown,error,,
367,nhiệm,5.79,unknown,error,,
368,sở,5.79,unknown,error,,
369,thái,5.79,unknown,error,,
370,thần,5.79,unknown,error,,
371,trưởng,5.79,unknown,error,,
372,đặt,5.79,unknown,error,,
373,ba,5.78,unknown,error,,
374,chị,5.78,unknown,error,,
375,khoa,5.78,unknown,error,,
376,nguyễn,5.78,unknown,error,,
377,quân,5.78,unknown,error,,
378,thiên,5.78,unknown,error,,
379,thương,5.78,unknown,error,,
380,tương,5.78,unknown,error,,
381,gần,5.77,unknown,error,,
382,hỏi,5.77,unknown,error,,
383,mang,5.77,unknown,error,,
384,quả,5.77,unknown,error,,
385,sát,5.77,unknown,error,,
386,tra,5.77,unknown,error,,
387,xác,5.77,unknown,error,,
388,đúng,5.77,unknown,error,,
389,ấy,5.77,unknown,error,,
390,bay,5.76,unknown,error,,
391,chiếc,5.76,unknown,error,,
392,liệu,5.76,unknown,error,,
393,lấy,5.76,unknown,error,,
394,nhỏ,5.76,unknown,error,,
395,phục,5.76,unknown,error,,
396,tranh,5.76,unknown,error,,
397,viết,5.76,unknown,error,,
398,vệ,5.76,unknown,error,,
399,đời,5.76,unknown,error,,
400,cung,5.75,unknown,error,,
401,danh,5.75,unknown,error,,
402,gặp,5.75,unknown,error,,
403,hồ,5.75,unknown,error,,
404,mất,5.75,unknown,error,,
405,nổi,5.75,unknown,error,,
406,tuổi,5.75,unknown,error,,
407,tối,5.75,unknown,error,,
408,viện,5.75,unknown,error,,
409,âm,5.75,unknown,error,,
410,ứng,5.75,unknown,error,,
411,7,5.74,unknown,error,,
412,bé,5.74,unknown,error,,
413,chí,5.74,unknown,error,,
414,cứ,5.74,unknown,error,,
415,dù,5.74,unknown,error,,
416,dẫn,5.74,unknown,error,,
417,màu,5.74,unknown,error,,
418,nghe,5.74,unknown,error,,
419,rõ,5.74,unknown,error,,
420,giữ,5.73,unknown,error,,
421,hoàn,5.73,unknown,error,,
422,hữu,5.73,unknown,error,,
423,thư,5.73,unknown,error,,
424,trẻ,5.73,unknown,error,,
425,tưởng,5.73,unknown,error,,
426,bán,5.72,unknown,error,,
427,gồm,5.72,unknown,error,,
428,quyết,5.72,unknown,error,,
429,vận,5.72,unknown,error,,
430,đêm,5.72,unknown,error,,
431,biểu,5.71,unknown,error,,
432,cộng,5.71,unknown,error,,
433,khí,5.71,unknown,error,,
434,kiến,5.71,unknown,error,,
435,quận,5.71,unknown,error,,
436,vui,5.71,unknown,error,,
437,vùng,5.71,unknown,error,,
438,xin,5.71,unknown,error,,
439,bóng,5.7,unknown,error,,
440,bệnh,5.7,unknown,error,,
441,dương,5.7,unknown,error,,
442,giống,5.7,unknown,error,,
443,nhập,5.7,unknown,error,,
444,triệu,5.7,unknown,error,,
445,trả,5.7,unknown,error,,
446,yếu,5.7,unknown,error,,
447,đấu,5.7,unknown,error,,
448,biển,5.69,unknown,error,,
449,chung,5.69,unknown,error,,
450,dựng,5.69,unknown,error,,
451,hoàng,5.69,unknown,error,,
452,huyện,5.69,unknown,error,,
453,khó,5.69,unknown,error,,
454,nghĩ,5.69,unknown,error,,
455,quản,5.69,unknown,error,,
456,rộng,5.69,unknown,error,,
457,tục,5.69,unknown,error,,
458,chắc,5.68,unknown,error,,
459,chọn,5.68,unknown,error,,
460,chứng,5.68,unknown,error,,
461,cố,5.68,unknown,error,,
462,di,5.68,unknown,error,,
463,hải,5.68,unknown,error,,
464,kiểm,5.68,unknown,error,,
465,mở,5.68,unknown,error,,
466,nguồn,5.68,unknown,error,,
467,phía,5.68,unknown,error,,
468,sơn,5.68,unknown,error,,
469,xây,5.68,unknown,error,,
470,8,5.67,unknown,error,,
471,bác,5.67,unknown,error,,
472,chịu,5.67,unknown,error,,
473,giả,5.67,unknown,error,,
474,hướng,5.67,unknown,error,,
475,in,5.67,unknown,error,,
476,kể,5.67,unknown,error,,
477,mạnh,5.67,unknown,error,,
478,mắt,5.67,unknown,error,,
479,phủ,5.67,unknown,error,,
480,ca,5.66,unknown,error,,
481,chân,5.66,unknown,error,,
482,châu,5.66,unknown,error,,
483,lâu,5.66,unknown,error,,
484,sư,5.66,unknown,error,,
485,tây,5.66,unknown,error,,
486,tượng,5.66,unknown,error,,
487,xuống,5.66,unknown,error,,
488,ít,5.66,unknown,error,,
489,đáng,5.66,unknown,error,,
490,a,5.65,unknown,error,,
491,bắc,5.65,unknown,error,,
492,cây,5.65,unknown,error,,
493,luật,5.65,unknown,error,,
494,lòng,5.65,unknown,error,,
495,nằm,5.65,unknown,error,,
496,chết,5.64,unknown,error,,
497,chống,5.64,unknown,error,,
498,cư,5.64,unknown,error,,
499,ký,5.64,unknown,error,,
500,mạng,5.64,unknown,error,,
501,phim,5.64,unknown,error,,
502,tàu,5.64,unknown,error,,
503,án,5.64,unknown,error,,
504,dạng,5.63,unknown,error,,
505,hôm,5.63,unknown,error,,
506,mỗi,5.63,unknown,error,,
507,sắc,5.63,unknown,error,,
508,trợ,5.63,unknown,error,,
509,uống,5.63,unknown,error,,
510,đá,5.63,unknown,error,,
511,đạt,5.63,unknown,error,,
512,dễ,5.62,unknown,error,,
513,hộ,5.62,unknown,error,,
514,kim,5.62,unknown,error,,
515,kiện,5.62,unknown,error,,
516,kích,5.62,unknown,error,,
517,nghiên,5.62,unknown,error,,
518,thuốc,5.62,unknown,error,,
519,xa,5.62,unknown,error,,
520,đâu,5.62,unknown,error,,
521,9,5.61,unknown,error,,
522,ngoại,5.61,unknown,error,,
523,nhiệt,5.61,unknown,error,,
524,sang,5.61,unknown,error,,
525,sức,5.61,unknown,error,,
526,trái,5.61,unknown,error,,
527,trời,5.61,unknown,error,,
528,trực,5.61,unknown,error,,
529,ty,5.61,unknown,error,,
530,vi,5.61,unknown,error,,
531,đàn,5.61,unknown,error,,
532,độc,5.61,unknown,error,,
533,chẳng,5.6,unknown,error,,
534,hạ,5.6,unknown,error,,
535,quy,5.6,unknown,error,,
536,trận,5.6,unknown,error,,
537,vòng,5.6,unknown,error,,
538,vũ,5.6,unknown,error,,
539,đau,5.6,unknown,error,,
540,đoạn,5.6,unknown,error,,
541,giám,5.59,unknown,error,,
542,gái,5.59,unknown,error,,
543,gây,5.59,unknown,error,,
544,long,5.59,unknown,error,,
545,lễ,5.59,unknown,error,,
546,mô,5.59,unknown,error,,
547,mùa,5.59,unknown,error,,
548,quý,5.59,unknown,error,,
549,sân,5.59,unknown,error,,
550,the,5.59,unknown,error,,
551,thủy,5.59,unknown,error,,
552,tiểu,5.59,unknown,error,,
553,trò,5.59,unknown,error,,
554,tuyệt,5.59,unknown,error,,
555,chúa,5.58,unknown,error,,
556,duy,5.58,unknown,error,,
557,hạn,5.58,unknown,error,,
558,hậu,5.58,unknown,error,,
559,lệ,5.58,unknown,error,,
560,mặc,5.58,unknown,error,,
561,nghị,5.58,unknown,error,,
562,nhạc,5.58,unknown,error,,
563,phép,5.58,unknown,error,,
564,trần,5.58,unknown,error,,
565,y,5.58,unknown,error,,
566,bàn,5.57,unknown,error,,
567,chuẩn,5.57,unknown,error,,
568,du,5.57,unknown,error,,
569,hồng,5.57,unknown,error,,
570,khách,5.57,unknown,error,,
571,kiếm,5.57,unknown,error,,
572,lãnh,5.57,unknown,error,,
573,phá,5.57,unknown,error,,
574,phạm,5.57,unknown,error,,
575,quảng,5.57,unknown,error,,
576,đa,5.57,unknown,error,,
577,đóng,5.57,unknown,error,,
578,đô,5.57,unknown,error,,
579,đảng,5.57,unknown,error,,
580,chia,5.56,unknown,error,,
581,khiến,5.56,unknown,error,,
582,mua,5.56,unknown,error,,
583,môi,5.56,unknown,error,,
584,nhóm,5.56,unknown,error,,
585,tuần,5.56,unknown,error,,
586,vài,5.56,unknown,error,,
587,đôi,5.56,unknown,error,,
588,cập,5.55,unknown,error,,
589,hưởng,5.55,unknown,error,,
590,i,5.55,unknown,error,,
591,khai,5.55,unknown,error,,
592,khả,5.55,unknown,error,,
593,kỹ,5.55,unknown,error,,
594,ngủ,5.55,unknown,error,,
595,nhé,5.55,unknown,error,,
596,nhớ,5.55,unknown,error,,
597,trai,5.55,unknown,error,,
598,đào,5.55,unknown,error,,
599,chạy,5.54,unknown,error,,
600,dục,5.54,unknown,error,,
601,ghi,5.54,unknown,error,,
602,khỏi,5.54,unknown,error,,
603,phút,5.54,unknown,error,,
604,so,5.54,unknown,error,,
605,thắng,5.54,unknown,error,,
606,tỷ,5.54,unknown,error,,
607,vẻ,5.54,unknown,error,,
608,yên,5.54,unknown,error,,
609,đứng,5.54,unknown,error,,
610,c,5.53,unknown,error,,
611,doanh,5.53,unknown,error,,
612,lợi,5.53,unknown,error,,
613,tấn,5.53,unknown,error,,
614,vọng,5.53,unknown,error,,
615,hồi,5.52,unknown,error,,
616,khẩu,5.52,unknown,error,,
617,lan,5.52,unknown,error,,
618,lớp,5.52,unknown,error,,
619,mật,5.52,unknown,error,,
620,thiếu,5.52,unknown,error,,
621,thoại,5.52,unknown,error,,
622,tránh,5.52,unknown,error,,
623,tuyến,5.52,unknown,error,,
624,tân,5.52,unknown,error,,
625,ấn,5.52,unknown,error,,
626,chuyên,5.51,unknown,error,,
627,hàn,5.51,unknown,error,,
628,thảo,5.51,unknown,error,,
629,vàng,5.51,unknown,error,,
630,áo,5.51,unknown,error,,
631,đảo,5.51,unknown,error,,
632,chỗ,5.5,unknown,error,,
633,dung,5.5,unknown,error,,
634,dòng,5.5,unknown,error,,
635,giảm,5.5,unknown,error,,
636,khá,5.5,unknown,error,,
637,lo,5.5,unknown,error,,
638,lạc,5.5,unknown,error,,
639,lệnh,5.5,unknown,error,,
640,phản,5.5,unknown,error,,
641,vợ,5.5,unknown,error,,
642,xử,5.5,unknown,error,,
643,ủy,5.5,unknown,error,,
644,buổi,5.49,unknown,error,,
645,cáo,5.49,unknown,error,,
646,cực,5.49,unknown,error,,
647,mã,5.49,unknown,error,,
648,riêng,5.49,unknown,error,,
649,tướng,5.49,unknown,error,,
650,hoạch,5.48,unknown,error,,
651,kỷ,5.48,unknown,error,,
652,linh,5.48,unknown,error,,
653,may,5.48,unknown,error,,
654,máu,5.48,unknown,error,,
655,quang,5.48,unknown,error,,
656,tiết,5.48,unknown,error,,
657,tuyển,5.48,unknown,error,,
658,áp,5.48,unknown,error,,
659,cha,5.47,unknown,error,,
660,chút,5.47,unknown,error,,
661,cánh,5.47,unknown,error,,
662,hát,5.47,unknown,error,,
663,hơi,5.47,unknown,error,,
664,miền,5.47,unknown,error,,
665,ngôi,5.47,unknown,error,,
666,nền,5.47,unknown,error,,
667,quay,5.47,unknown,error,,
668,thúc,5.47,unknown,error,,
669,to,5.47,unknown,error,,
670,tịch,5.47,unknown,error,,
671,chữ,5.46,unknown,error,,
672,hiểm,5.46,unknown,error,,
673,hại,5.46,unknown,error,,
674,hắn,5.46,unknown,error,,
675,khảo,5.46,unknown,error,,
676,lê,5.46,unknown,error,,
677,mẫu,5.46,unknown,error,,
678,nghiệm,5.46,unknown,error,,
679,nghỉ,5.46,unknown,error,,
680,nguy,5.46,unknown,error,,
681,ninh,5.46,unknown,error,,
682,phiên,5.46,unknown,error,,
683,phó,5.46,unknown,error,,
684,thuận,5.46,unknown,error,,
685,thôi,5.46,unknown,error,,
686,thất,5.46,unknown,error,,
687,xảy,5.46,unknown,error,,
688,chắn,5.45,unknown,error,,
689,cải,5.45,unknown,error,,
690,dấu,5.45,unknown,error,,
691,luận,5.45,unknown,error,,
692,môn,5.45,unknown,error,,
693,tôn,5.45,unknown,error,,
694,biên,5.44,unknown,error,,
695,bước,5.44,unknown,error,,
696,căn,5.44,unknown,error,,
697,giai,5.44,unknown,error,,
698,kiểu,5.44,unknown,error,,
699,nông,5.44,unknown,error,,
700,quần,5.44,unknown,error,,
701,thú,5.44,unknown,error,,
702,thử,5.44,unknown,error,,
703,tức,5.44,unknown,error,,
704,đọc,5.44,unknown,error,,
705,bổ,5.43,unknown,error,,
706,chiều,5.43,unknown,error,,
707,càng,5.43,unknown,error,,
708,lâm,5.43,unknown,error,,
709,ngồi,5.43,unknown,error,,
710,phổ,5.43,unknown,error,,
711,thơ,5.43,unknown,error,,
712,vai,5.43,unknown,error,,
713,vua,5.43,unknown,error,,
714,bí,5.42,unknown,error,,
715,bảng,5.42,unknown,error,,
716,kia,5.42,unknown,error,,
717,lộ,5.42,unknown,error,,
718,m,5.42,unknown,error,,
719,phi,5.42,unknown,error,,
720,thưởng,5.42,unknown,error,,
721,thấp,5.42,unknown,error,,
722,bánh,5.41,unknown,error,,
723,huy,5.41,unknown,error,,
724,khởi,5.41,unknown,error,,
725,lai,5.41,unknown,error,,
726,mức,5.41,unknown,error,,
727,sai,5.41,unknown,error,,
728,sớm,5.41,unknown,error,,
729,toán,5.41,unknown,error,,
730,chấp,5.4,unknown,error,,
731,cấu,5.4,unknown,error,,
732,da,5.4,unknown,error,,
733,gửi,5.4,unknown,error,,
734,ngữ,5.4,unknown,error,,
735,nha,5.4,unknown,error,,
736,niên,5.4,unknown,error,,
737,thầy,5.4,unknown,error,,
738,tố,5.4,unknown,error,,
739,giang,5.39,unknown,error,,
740,giác,5.39,unknown,error,,
741,giết,5.39,unknown,error,,
742,kéo,5.39,unknown,error,,
743,luyện,5.39,unknown,error,,
744,lá,5.39,unknown,error,,
745,lĩnh,5.39,unknown,error,,
746,mong,5.39,unknown,error,,
747,món,5.39,unknown,error,,
748,mấy,5.39,unknown,error,,
749,ngon,5.39,unknown,error,,
750,quanh,5.39,unknown,error,,
751,sông,5.39,unknown,error,,
752,trúc,5.39,unknown,error,,
753,xuân,5.39,unknown,error,,
754,đầy,5.39,unknown,error,,
755,đừng,5.39,unknown,error,,
756,coi,5.38,unknown,error,,
757,cười,5.38,unknown,error,,
758,hạnh,5.38,unknown,error,,
759,hỗ,5.38,unknown,error,,
760,khỏe,5.38,unknown,error,,
761,l,5.38,unknown,error,,
762,lương,5.38,unknown,error,,
763,mai,5.38,unknown,error,,
764,mềm,5.38,unknown,error,,
765,phú,5.38,unknown,error,,
766,thánh,5.38,unknown,error,,
767,tội,5.38,unknown,error,,
768,cụ,5.37,unknown,error,,
769,dành,5.37,unknown,error,,
770,hương,5.37,unknown,error,,
771,la,5.37,unknown,error,,
772,lẽ,5.37,unknown,error,,
773,lỗi,5.37,unknown,error,,
774,nhằm,5.37,unknown,error,,
775,suy,5.37,unknown,error,,
776,sẵn,5.37,unknown,error,,
777,tòa,5.37,unknown,error,,
778,tốc,5.37,unknown,error,,
779,bắn,5.36,unknown,error,,
780,chứ,5.36,unknown,error,,
781,hy,5.36,unknown,error,,
782,hạt,5.36,unknown,error,,
783,nghi,5.36,unknown,error,,
784,ngành,5.36,unknown,error,,
785,nàng,5.36,unknown,error,,
786,nạn,5.36,unknown,error,,
787,thượng,5.36,unknown,error,,
788,trắng,5.36,unknown,error,,
789,đen,5.36,unknown,error,,
790,đốc,5.36,unknown,error,,
791,ổn,5.36,unknown,error,,
792,hầu,5.35,unknown,error,,
793,mạch,5.35,unknown,error,,
794,sợ,5.35,unknown,error,,
795,tộc,5.35,unknown,error,,
796,xuyên,5.35,unknown,error,,
797,xếp,5.35,unknown,error,,
798,binh,5.34,unknown,error,,
799,bức,5.34,unknown,error,,
800,chồng,5.34,unknown,error,,
801,chứa,5.34,unknown,error,,
802,cậu,5.34,unknown,error,,
803,khóa,5.34,unknown,error,,
804,lửa,5.34,unknown,error,,
805,ma,5.34,unknown,error,,
806,song,5.34,unknown,error,,
807,suốt,5.34,unknown,error,,
808,tuyên,5.34,unknown,error,,
809,á,5.34,unknown,error,,
810,đem,5.34,unknown,error,,
811,đỏ,5.34,unknown,error,,
812,cạnh,5.33,unknown,error,,
813,cầm,5.33,unknown,error,,
814,dạy,5.33,unknown,error,,
815,gốc,5.33,unknown,error,,
816,hiệp,5.33,unknown,error,,
817,hôn,5.33,unknown,error,,
818,ngài,5.33,unknown,error,,
819,ngăn,5.33,unknown,error,,
820,sơ,5.33,unknown,error,,
821,tim,5.33,unknown,error,,
822,trao,5.33,unknown,error,,
823,âu,5.33,unknown,error,,
824,đài,5.33,unknown,error,,
825,cử,5.32,unknown,error,,
826,dữ,5.32,unknown,error,,
827,kẻ,5.32,unknown,error,,
828,ngờ,5.32,unknown,error,,
829,niệm,5.32,unknown,error,,
830,nối,5.32,unknown,error,,
831,phúc,5.32,unknown,error,,
832,quen,5.32,unknown,error,,
833,súng,5.32,unknown,error,,
834,thẳng,5.32,unknown,error,,
835,trạng,5.32,unknown,error,,
836,tín,5.32,unknown,error,,
837,băng,5.31,unknown,error,,
838,chiếu,5.31,unknown,error,,
839,cũ,5.31,unknown,error,,
840,cắt,5.31,unknown,error,,
841,cục,5.31,unknown,error,,
842,dây,5.31,unknown,error,,
843,kính,5.31,unknown,error,,
844,lạ,5.31,unknown,error,,
845,nặng,5.31,unknown,error,,
846,sắp,5.31,unknown,error,,
847,thậm,5.31,unknown,error,,
848,trách,5.31,unknown,error,,
849,b,5.3,unknown,error,,
850,bầu,5.3,unknown,error,,
851,chờ,5.3,unknown,error,,
852,hãng,5.3,unknown,error,,
853,lựa,5.3,unknown,error,,
854,mối,5.3,unknown,error,,
855,nga,5.3,unknown,error,,
856,núi,5.3,unknown,error,,
857,phận,5.3,unknown,error,,
858,phối,5.3,unknown,error,,
859,quán,5.3,unknown,error,,
860,sâu,5.3,unknown,error,,
861,thuyết,5.3,unknown,error,,
862,thừa,5.3,unknown,error,,
863,trương,5.3,unknown,error,,
864,vương,5.3,unknown,error,,
865,đăng,5.3,unknown,error,,
866,đảm,5.3,unknown,error,,
867,bại,5.29,unknown,error,,
868,hạng,5.29,unknown,error,,
869,khối,5.29,unknown,error,,
870,lao,5.29,unknown,error,,
871,mãi,5.29,unknown,error,,
872,ngựa,5.29,unknown,error,,
873,nuôi,5.29,unknown,error,,
874,tai,5.29,unknown,error,,
875,xong,5.29,unknown,error,,
876,ơn,5.29,unknown,error,,
877,nghiêm,5.28,unknown,error,,
878,ngắn,5.28,unknown,error,,
879,rượu,5.28,unknown,error,,
880,tái,5.28,unknown,error,,
881,vượt,5.28,unknown,error,,
882,xung,5.28,unknown,error,,
883,đổ,5.28,unknown,error,,
884,ước,5.28,unknown,error,,
885,chiếm,5.27,unknown,error,,
886,chuyến,5.27,unknown,error,,
887,mại,5.27,unknown,error,,
888,nhờ,5.27,unknown,error,,
889,thao,5.27,unknown,error,,
890,trì,5.27,unknown,error,,
891,ví,5.27,unknown,error,,
892,vốn,5.27,unknown,error,,
893,vời,5.27,unknown,error,,
894,cận,5.26,unknown,error,,
895,dựa,5.26,unknown,error,,
896,khắc,5.26,unknown,error,,
897,làng,5.26,unknown,error,,
898,lắng,5.26,unknown,error,,
899,mơ,5.26,unknown,error,,
900,mời,5.26,unknown,error,,
901,ngọc,5.26,unknown,error,,
902,nhắc,5.26,unknown,error,,
903,phù,5.26,unknown,error,,
904,suất,5.26,unknown,error,,
905,t,5.26,unknown,error,,
906,thiện,5.26,unknown,error,,
907,thoát,5.26,unknown,error,,
908,truy,5.26,unknown,error,,
909,tầng,5.26,unknown,error,,
910,tận,5.26,unknown,error,,
911,bào,5.25,unknown,error,,
912,cuốn,5.25,unknown,error,,
913,lái,5.25,unknown,error,,
914,ràng,5.25,unknown,error,,
915,thịt,5.25,unknown,error,,
916,truyện,5.25,unknown,error,,
917,tải,5.25,unknown,error,,
918,xanh,5.25,unknown,error,,
919,cháu,5.24,unknown,error,,
920,cà,5.24,unknown,error,,
921,cứng,5.24,unknown,error,,
922,john,5.24,unknown,error,,
923,khúc,5.24,unknown,error,,
924,lắm,5.24,unknown,error,,
925,nóng,5.24,unknown,error,,
926,phóng,5.24,unknown,error,,
927,thiệu,5.24,unknown,error,,
928,trưng,5.24,unknown,error,,
929,tĩnh,5.24,unknown,error,,
930,video,5.24,unknown,error,,
931,xét,5.24,unknown,error,,
932,ánh,5.24,unknown,error,,
933,đích,5.24,unknown,error,,
934,buộc,5.23,unknown,error,,
935,bây,5.23,unknown,error,,
936,dụ,5.23,unknown,error,,
937,giấy,5.23,unknown,error,,
938,hùng,5.23,unknown,error,,
939,hưng,5.23,unknown,error,,
940,khăn,5.23,unknown,error,,
941,ly,5.23,unknown,error,,
942,phí,5.23,unknown,error,,
943,phường,5.23,unknown,error,,
944,phật,5.23,unknown,error,,
945,siêu,5.23,unknown,error,,
946,soát,5.23,unknown,error,,
947,sóng,5.23,unknown,error,,
948,thí,5.23,unknown,error,,
949,trùng,5.23,unknown,error,,
950,trừ,5.23,unknown,error,,
951,tóc,5.23,unknown,error,,
952,tạp,5.23,unknown,error,,
953,tồn,5.23,unknown,error,,
954,xấu,5.23,unknown,error,,
955,đương,5.23,unknown,error,,
956,đấy,5.23,unknown,error,,
957,chào,5.22,unknown,error,,
958,hàm,5.22,unknown,error,,
959,liệt,5.22,unknown,error,,
960,lạnh,5.22,unknown,error,,
961,mái,5.22,unknown,error,,
962,thận,5.22,unknown,error,,
963,trụ,5.22,unknown,error,,
964,tu,5.22,unknown,error,,
965,x,5.22,unknown,error,,
966,đột,5.22,unknown,error,,
967,and,5.21,unknown,error,,
968,chàng,5.21,unknown,error,,
969,chăm,5.21,unknown,error,,
970,dần,5.21,unknown,error,,
971,góp,5.21,unknown,error,,
972,lão,5.21,unknown,error,,
973,lược,5.21,unknown,error,,
974,lục,5.21,unknown,error,,
975,ngân,5.21,unknown,error,,
976,ngôn,5.21,unknown,error,,
977,ngươi,5.21,unknown,error,,
978,rời,5.21,unknown,error,,
979,túi,5.21,unknown,error,,
980,tường,5.21,unknown,error,,
981,miệng,5.2,unknown,error,,
982,rừng,5.2,unknown,error,,
983,sứ,5.2,unknown,error,,
984,sửa,5.2,unknown,error,,
985,u,5.2,unknown,error,,
986,ô,5.2,unknown,error,,
987,điển,5.2,unknown,error,,
988,ương,5.2,unknown,error,,
989,cường,5.19,unknown,error,,
990,họa,5.19,unknown,error,,
991,hủy,5.19,unknown,error,,
992,nhiêu,5.19,unknown,error,,
993,phê,5.19,unknown,error,,
994,rút,5.19,unknown,error,,
995,thụ,5.19,unknown,error,,
996,vĩnh,5.19,unknown,error,,
997,xứ,5.19,unknown,error,,
998,ích,5.19,unknown,error,,
999,đoán,5.19,unknown,error,,
1000,kê,5.18,unknown,error,,
1001,mừng,5.18,unknown,error,,
1002,tông,5.18,unknown,error,,
1003,tầm,5.18,unknown,error,,
1004,tỏ,5.18,unknown,error,,
1005,vườn,5.18,unknown,error,,
1006,xương,5.18,unknown,error,,
1007,đạn,5.18,unknown,error,,
1008,đứa,5.18,unknown,error,,
1009,bữa,5.17,unknown,error,,
1010,chúc,5.17,unknown,error,,
1011,e,5.17,unknown,error,,
1012,hẳn,5.17,unknown,error,,
1013,kháng,5.17,unknown,error,,
1014,loài,5.17,unknown,error,,
1015,loạn,5.17,unknown,error,,
1016,nhiễm,5.17,unknown,error,,
1017,sa,5.17,unknown,error,,
1018,v,5.17,unknown,error,,
1019,võ,5.17,unknown,error,,
1020,vết,5.17,unknown,error,,
1021,xúc,5.17,unknown,error,,
1022,đỡ,5.17,unknown,error,,
1023,buồn,5.16,unknown,error,,
1024,chim,5.16,unknown,error,,
1025,chu,5.16,unknown,error,,
1026,chữa,5.16,unknown,error,,
1027,cưới,5.16,unknown,error,,
1028,diệt,5.16,unknown,error,,
1029,dõi,5.16,unknown,error,,
1030,giản,5.16,unknown,error,,
1031,gắng,5.16,unknown,error,,
1032,hề,5.16,unknown,error,,
1033,lính,5.16,unknown,error,,
1034,mùi,5.16,unknown,error,,
1035,quên,5.16,unknown,error,,
1036,rơi,5.16,unknown,error,,
1037,sàng,5.16,unknown,error,,
1038,sóc,5.16,unknown,error,,
1039,sạch,5.16,unknown,error,,
1040,thôn,5.16,unknown,error,,
1041,tạm,5.16,unknown,error,,
1042,tả,5.16,unknown,error,,
1043,tấm,5.16,unknown,error,,
1044,đám,5.16,unknown,error,,
1045,chỉnh,5.15,unknown,error,,
1046,dầu,5.15,unknown,error,,
1047,hộp,5.15,unknown,error,,
1048,kì,5.15,unknown,error,,
1049,nổ,5.15,unknown,error,,
1050,thỏa,5.15,unknown,error,,
1051,thờ,5.15,unknown,error,,
1052,vinh,5.15,unknown,error,,
1053,vân,5.15,unknown,error,,
1054,web,5.15,unknown,error,,
1055,đón,5.15,unknown,error,,
1056,đợi,5.15,unknown,error,,
1057,bày,5.14,unknown,error,,
1058,bụng,5.14,unknown,error,,
1059,hồn,5.14,unknown,error,,
1060,loạt,5.14,unknown,error,,
1061,lành,5.14,unknown,error,,
1062,nâng,5.14,unknown,error,,
1063,rối,5.14,unknown,error,,
1064,sắt,5.14,unknown,error,,
1065,tam,5.14,unknown,error,,
1066,đẩy,5.14,unknown,error,,
1067,bạch,5.13,unknown,error,,
1068,chó,5.13,unknown,error,,
1069,cơn,5.13,unknown,error,,
1070,lượt,5.13,unknown,error,,
1071,lối,5.13,unknown,error,,
1072,nỗi,5.13,unknown,error,,
1073,nửa,5.13,unknown,error,,
1074,thăm,5.13,unknown,error,,
1075,trải,5.13,unknown,error,,
1076,tá,5.13,unknown,error,,
1077,chóng,5.12,unknown,error,,
1078,game,5.12,unknown,error,,
1079,h,5.12,unknown,error,,
1080,khắp,5.12,unknown,error,,
1081,khủng,5.12,unknown,error,,
1082,mắc,5.12,unknown,error,,
1083,n,5.12,unknown,error,,
1084,new,5.12,unknown,error,,
1085,nguyện,5.12,unknown,error,,
1086,ngũ,5.12,unknown,error,,
1087,nắm,5.12,unknown,error,,
1088,quà,5.12,unknown,error,,
1089,thuê,5.12,unknown,error,,
1090,thập,5.12,unknown,error,,
1091,đậu,5.12,unknown,error,,
1092,bom,5.11,unknown,error,,
1093,bạc,5.11,unknown,error,,
1094,dừng,5.11,unknown,error,,
1095,khánh,5.11,unknown,error,,
1096,ko,5.11,unknown,error,,
1097,màn,5.11,unknown,error,,
1098,mộ,5.11,unknown,error,,
1099,ngược,5.11,unknown,error,,
1100,nợ,5.11,unknown,error,,
1101,thổ,5.11,unknown,error,,
1102,tiện,5.11,unknown,error,,
1103,triều,5.11,unknown,error,,
1104,tắm,5.11,unknown,error,,
1105,0,5.1,unknown,error,,
1106,bãi,5.1,unknown,error,,
1107,chùa,5.1,unknown,error,,
1108,chảy,5.1,unknown,error,,
1109,già,5.1,unknown,error,,
1110,hảo,5.1,unknown,error,,
1111,lông,5.1,unknown,error,,
1112,ngừng,5.1,unknown,error,,
1113,of,5.1,unknown,error,,
1114,sung,5.1,unknown,error,,
1115,thác,5.1,unknown,error,,
1116,uy,5.1,unknown,error,,
1117,ẩm,5.1,unknown,error,,
1118,bọn,5.09,unknown,error,,
1119,bốn,5.09,unknown,error,,
1120,chặt,5.09,unknown,error,,
1121,cát,5.09,unknown,error,,
1122,hút,5.09,unknown,error,,
1123,liền,5.09,unknown,error,,
1124,não,5.09,unknown,error,,
1125,trại,5.09,unknown,error,,
1126,tù,5.09,unknown,error,,
1127,tắt,5.09,unknown,error,,
1128,đà,5.09,unknown,error,,
1129,bậc,5.08,unknown,error,,
1130,giáp,5.08,unknown,error,,
1131,mực,5.08,unknown,error,,
1132,no,5.08,unknown,error,,
1133,s,5.08,unknown,error,,
1134,thọ,5.08,unknown,error,,
1135,tắc,5.08,unknown,error,,
1136,website,5.08,unknown,error,,
1137,xinh,5.08,unknown,error,,
1138,đèn,5.08,unknown,error,,
1139,đỉnh,5.08,unknown,error,,
1140,ẩn,5.08,unknown,error,,
1141,bang,5.07,unknown,error,,
1142,chậm,5.07,unknown,error,,
1143,chụp,5.07,unknown,error,,
1144,hoá,5.07,unknown,error,,
1145,hài,5.07,unknown,error,,
1146,hào,5.07,unknown,error,,
1147,hẹn,5.07,unknown,error,,
1148,ngàn,5.07,unknown,error,,
1149,săn,5.07,unknown,error,,
1150,sổ,5.07,unknown,error,,
1151,thang,5.07,unknown,error,,
1152,thước,5.07,unknown,error,,
1153,thở,5.07,unknown,error,,
1154,tặng,5.07,unknown,error,,
1155,tờ,5.07,unknown,error,,
1156,can,5.06,unknown,error,,
1157,cháy,5.06,unknown,error,,
1158,d,5.06,unknown,error,,
1159,giành,5.06,unknown,error,,
1160,gà,5.06,unknown,error,,
1161,hổ,5.06,unknown,error,,
1162,khiển,5.06,unknown,error,,
1163,khổ,5.06,unknown,error,,
1164,kênh,5.06,unknown,error,,
1165,mệnh,5.06,unknown,error,,
1166,nghề,5.06,unknown,error,,
1167,phái,5.06,unknown,error,,
1168,thù,5.06,unknown,error,,
1169,thạch,5.06,unknown,error,,
1170,trấn,5.06,unknown,error,,
1171,tùy,5.06,unknown,error,,
1172,đẳng,5.06,unknown,error,,
1173,đế,5.06,unknown,error,,
1174,hè,5.05,unknown,error,,
1175,lưng,5.05,unknown,error,,
1176,mạc,5.05,unknown,error,,
1177,quê,5.05,unknown,error,,
1178,tan,5.05,unknown,error,,
1179,thuyền,5.05,unknown,error,,
1180,trào,5.05,unknown,error,,
1181,trông,5.05,unknown,error,,
1182,tô,5.05,unknown,error,,
1183,đệ,5.05,unknown,error,,
1184,bờ,5.04,unknown,error,,
1185,dàng,5.04,unknown,error,,
1186,dậy,5.04,unknown,error,,
1187,dị,5.04,unknown,error,,
1188,dọa,5.04,unknown,error,,
1189,gắn,5.04,unknown,error,,
1190,lỗ,5.04,unknown,error,,
1191,mê,5.04,unknown,error,,
1192,mười,5.04,unknown,error,,
1193,mắn,5.04,unknown,error,,
1194,phiếu,5.04,unknown,error,,
1195,quỹ,5.04,unknown,error,,
1196,trữ,5.04,unknown,error,,
1197,đo,5.04,unknown,error,,
1198,ưu,5.04,unknown,error,,
1199,bò,5.03,unknown,error,,
1200,bật,5.03,unknown,error,,
1201,giường,5.03,unknown,error,,
1202,kêu,5.03,unknown,error,,
1203,mũi,5.03,unknown,error,,
1204,ngô,5.03,unknown,error,,
1205,thẩm,5.03,unknown,error,,
1206,vĩ,5.03,unknown,error,,
1207,đáp,5.03,unknown,error,,
1208,cẩn,5.02,unknown,error,,
1209,cặp,5.02,unknown,error,,
1210,dao,5.02,unknown,error,,
1211,hấp,5.02,unknown,error,,
1212,hỏng,5.02,unknown,error,,
1213,khoản,5.02,unknown,error,,
1214,lộc,5.02,unknown,error,,
1215,mệt,5.02,unknown,error,,
1216,thăng,5.02,unknown,error,,
1217,địch,5.02,unknown,error,,
1218,ả,5.02,unknown,error,,
1219,bề,5.01,unknown,error,,
1220,chạm,5.01,unknown,error,,
1221,chặn,5.01,unknown,error,,
1222,cương,5.01,unknown,error,,
1223,dưỡng,5.01,unknown,error,,
1224,dạ,5.01,unknown,error,,
1225,gió,5.01,unknown,error,,
1226,giỏi,5.01,unknown,error,,
1227,hỏa,5.01,unknown,error,,
1228,lẫn,5.01,unknown,error,,
1229,sáu,5.01,unknown,error,,
1230,tệ,5.01,unknown,error,,
1231,bồ,5.0,unknown,error,,
1232,che,5.0,unknown,error,,
1233,giấc,5.0,unknown,error,,
1234,họp,5.0,unknown,error,,
1235,hứng,5.0,unknown,error,,
1236,lí,5.0,unknown,error,,
1237,mày,5.0,unknown,error,,
1238,trồng,5.0,unknown,error,,
1239,tán,5.0,unknown,error,,
1240,tổn,5.0,unknown,error,,
1241,cam,4.99,unknown,error,,
1242,dám,4.99,unknown,error,,
1243,ga,4.99,unknown,error,,
1244,ghế,4.99,unknown,error,,
1245,giây,4.99,unknown,error,,
1246,giọng,4.99,unknown,error,,
1247,gỗ,4.99,unknown,error,,
1248,khám,4.99,unknown,error,,
1249,miễn,4.99,unknown,error,,
1250,ngang,4.99,unknown,error,,
1251,nhẹ,4.99,unknown,error,,
1252,nỗ,4.99,unknown,error,,
1253,thiệt,4.99,unknown,error,,
1254,thua,4.99,unknown,error,,
1255,tri,4.99,unknown,error,,
1256,tỉ,4.99,unknown,error,,
1257,viễn,4.99,unknown,error,,
1258,vỡ,4.99,unknown,error,,
1259,york,4.99,unknown,error,,
1260,ác,4.99,unknown,error,,
1261,ống,4.99,unknown,error,,
1262,bi,4.98,unknown,error,,
1263,giảng,4.98,unknown,error,,
1264,hoang,4.98,unknown,error,,
1265,huyền,4.98,unknown,error,,
1266,huấn,4.98,unknown,error,,
1267,mông,4.98,unknown,error,,
1268,mưa,4.98,unknown,error,,
1269,niềm,4.98,unknown,error,,
1270,tàn,4.98,unknown,error,,
1271,đuổi,4.98,unknown,error,,
1272,đỗ,4.98,unknown,error,,
1273,bá,4.97,unknown,error,,
1274,cổng,4.97,unknown,error,,
1275,cờ,4.97,unknown,error,,
1276,ha,4.97,unknown,error,,
1277,khô,4.97,unknown,error,,
1278,lầm,4.97,unknown,error,,
1279,phức,4.97,unknown,error,,
1280,trục,4.97,unknown,error,,
1281,usd,4.97,unknown,error,,
1282,xâm,4.97,unknown,error,,
1283,ủng,4.97,unknown,error,,
1284,bè,4.96,unknown,error,,
1285,city,4.96,unknown,error,,
1286,cân,4.96,unknown,error,,
1287,cấm,4.96,unknown,error,,
1288,huynh,4.96,unknown,error,,
1289,hứa,4.96,unknown,error,,
1290,kho,4.96,unknown,error,,
1291,kịch,4.96,unknown,error,,
1292,on,4.96,unknown,error,,
1293,phan,4.96,unknown,error,,
1294,phạt,4.96,unknown,error,,
1295,sài,4.96,unknown,error,,
1296,sạn,4.96,unknown,error,,
1297,thoải,4.96,unknown,error,,
1298,tung,4.96,unknown,error,,
1299,tần,4.96,unknown,error,,
1300,vẽ,4.96,unknown,error,,
1301,bối,4.95,unknown,error,,
1302,canh,4.95,unknown,error,,
1303,góc,4.95,unknown,error,,
1304,hiến,4.95,unknown,error,,
1305,nhu,4.95,unknown,error,,
1306,phán,4.95,unknown,error,,
1307,răng,4.95,unknown,error,,
1308,tháp,4.95,unknown,error,,
1309,top,4.95,unknown,error,,
1310,trú,4.95,unknown,error,,
1311,trăm,4.95,unknown,error,,
1312,trống,4.95,unknown,error,,
1313,túc,4.95,unknown,error,,
1314,xưa,4.95,unknown,error,,
1315,biện,4.94,unknown,error,,
1316,chối,4.94,unknown,error,,
1317,chợ,4.94,unknown,error,,
1318,khán,4.94,unknown,error,,
1319,lặng,4.94,unknown,error,,
1320,phu,4.94,unknown,error,,
1321,xu,4.94,unknown,error,,
1322,đai,4.94,unknown,error,,
1323,đập,4.94,unknown,error,,
1324,đốt,4.94,unknown,error,,
1325,bão,4.93,unknown,error,,
1326,chuột,4.93,unknown,error,,
1327,chấm,4.93,unknown,error,,
1328,cốt,4.93,unknown,error,,
1329,gòn,4.93,unknown,error,,
1330,james,4.93,unknown,error,,
1331,khóc,4.93,unknown,error,,
1332,loan,4.93,unknown,error,,
1333,lãng,4.93,unknown,error,,
1334,lăng,4.93,unknown,error,,
1335,lưới,4.93,unknown,error,,
1336,mẽ,4.93,unknown,error,,
1337,nhắn,4.93,unknown,error,,
1338,ném,4.93,unknown,error,,
1339,pha,4.93,unknown,error,,
1340,thảm,4.93,unknown,error,,
1341,tròn,4.93,unknown,error,,
1342,trứng,4.93,unknown,error,,
1343,tứ,4.93,unknown,error,,
1344,vạn,4.93,unknown,error,,
1345,đinh,4.93,unknown,error,,
1346,bơi,4.92,unknown,error,,
1347,cỏ,4.92,unknown,error,,
1348,dĩ,4.92,unknown,error,,
1349,gấp,4.92,unknown,error,,
1350,lui,4.92,unknown,error,,
1351,ngọt,4.92,unknown,error,,
1352,nhảy,4.92,unknown,error,,
1353,thai,4.92,unknown,error,,
1354,thuế,4.92,unknown,error,,
1355,thẻ,4.92,unknown,error,,
1356,trốn,4.92,unknown,error,,
1357,tọa,4.92,unknown,error,,
1358,tụ,4.92,unknown,error,,
1359,vỏ,4.92,unknown,error,,
1360,đe,4.92,unknown,error,,
1361,điệu,4.92,unknown,error,,
1362,đua,4.92,unknown,error,,
1363,bạo,4.91,unknown,error,,
1364,cup,4.91,unknown,error,,
1365,cản,4.91,unknown,error,,
1366,dũng,4.91,unknown,error,,
1367,dư,4.91,unknown,error,,
1368,g,4.91,unknown,error,,
1369,giàu,4.91,unknown,error,,
1370,giày,4.91,unknown,error,,
1371,hô,4.91,unknown,error,,
1372,hư,4.91,unknown,error,,
1373,khấu,4.91,unknown,error,,
1374,lam,4.91,unknown,error,,
1375,mi,4.91,unknown,error,,
1376,mãn,4.91,unknown,error,,
1377,o,4.91,unknown,error,,
1378,phước,4.91,unknown,error,,
1379,rãi,4.91,unknown,error,,
1380,vong,4.91,unknown,error,,
1381,đền,4.91,unknown,error,,
1382,chừng,4.9,unknown,error,,
1383,dặm,4.9,unknown,error,,
1384,internet,4.9,unknown,error,,
1385,k,4.9,unknown,error,,
1386,khuyên,4.9,unknown,error,,
1387,kịp,4.9,unknown,error,,
1388,mảnh,4.9,unknown,error,,
1389,ngực,4.9,unknown,error,,
1390,rác,4.9,unknown,error,,
1391,tha,4.9,unknown,error,,
1392,thả,4.9,unknown,error,,
1393,tiệc,4.9,unknown,error,,
1394,treo,4.9,unknown,error,,
1395,tách,4.9,unknown,error,,
1396,tống,4.9,unknown,error,,
1397,ung,4.9,unknown,error,,
1398,đuôi,4.9,unknown,error,,
1399,đòi,4.9,unknown,error,,
1400,bám,4.89,unknown,error,,
1401,dày,4.89,unknown,error,,
1402,hiển,4.89,unknown,error,,
1403,kg,4.89,unknown,error,,
1404,lang,4.89,unknown,error,,
1405,ngã,4.89,unknown,error,,
1406,rửa,4.89,unknown,error,,
1407,thịnh,4.89,unknown,error,,
1408,đĩa,4.89,unknown,error,,
1409,đồn,4.89,unknown,error,,
1410,buôn,4.88,unknown,error,,
1411,chánh,4.88,unknown,error,,
1412,cựu,4.88,unknown,error,,
1413,km,4.88,unknown,error,,
1414,kém,4.88,unknown,error,,
1415,phỏng,4.88,unknown,error,,
1416,trà,4.88,unknown,error,,
1417,you,4.88,unknown,error,,
1418,ép,4.88,unknown,error,,
1419,úc,4.88,unknown,error,,
1420,điệp,4.88,unknown,error,,
1421,ạ,4.88,unknown,error,,
1422,ấm,4.88,unknown,error,,
1423,ốc,4.88,unknown,error,,
1424,bảy,4.87,unknown,error,,
1425,chuỗi,4.87,unknown,error,,
1426,căng,4.87,unknown,error,,
1427,dinh,4.87,unknown,error,,
1428,dính,4.87,unknown,error,,
1429,hoài,4.87,unknown,error,,
1430,lôi,4.87,unknown,error,,
1431,michael,4.87,unknown,error,,
1432,nhánh,4.87,unknown,error,,
1433,tháo,4.87,unknown,error,,
1434,thằng,4.87,unknown,error,,
1435,tiếc,4.87,unknown,error,,
1436,trích,4.87,unknown,error,,
1437,tảng,4.87,unknown,error,,
1438,world,4.87,unknown,error,,
1439,xứng,4.87,unknown,error,,
1440,đựng,4.87,unknown,error,,
1441,ảo,4.87,unknown,error,,
1442,cỡ,4.86,unknown,error,,
1443,hiếm,4.86,unknown,error,,
1444,hiếu,4.86,unknown,error,,
1445,hầm,4.86,unknown,error,,
1446,lào,4.86,unknown,error,,
1447,mộc,4.86,unknown,error,,
1448,tùng,4.86,unknown,error,,
1449,vé,4.86,unknown,error,,
1450,bia,4.85,unknown,error,,
1451,chấn,4.85,unknown,error,,
1452,cú,4.85,unknown,error,,
1453,cất,4.85,unknown,error,,
1454,cột,4.85,unknown,error,,
1455,david,4.85,unknown,error,,
1456,dược,4.85,unknown,error,,
1457,gan,4.85,unknown,error,,
1458,giận,4.85,unknown,error,,
1459,hoà,4.85,unknown,error,,
1460,hung,4.85,unknown,error,,
1461,man,4.85,unknown,error,,
1462,mau,4.85,unknown,error,,
1463,mát,4.85,unknown,error,,
1464,mưu,4.85,unknown,error,,
1465,p,4.85,unknown,error,,
1466,thuần,4.85,unknown,error,,
1467,thợ,4.85,unknown,error,,
1468,trăng,4.85,unknown,error,,
1469,ám,4.85,unknown,error,,
1470,đợt,4.85,unknown,error,,
1471,chín,4.84,unknown,error,,
1472,cán,4.84,unknown,error,,
1473,cảng,4.84,unknown,error,,
1474,http,4.84,unknown,error,,
1475,r,4.84,unknown,error,,
1476,san,4.84,unknown,error,,
1477,sót,4.84,unknown,error,,
1478,trạm,4.84,unknown,error,,
1479,tước,4.84,unknown,error,,
1480,ái,4.84,unknown,error,,
1481,đeo,4.84,unknown,error,,
1482,đàm,4.84,unknown,error,,
1483,bẩn,4.83,unknown,error,,
1484,bếp,4.83,unknown,error,,
1485,cướp,4.83,unknown,error,,
1486,dọc,4.83,unknown,error,,
1487,gương,4.83,unknown,error,,
1488,is,4.83,unknown,error,,
1489,lô,4.83,unknown,error,,
1490,non,4.83,unknown,error,,
1491,thiểu,4.83,unknown,error,,
1492,thách,4.83,unknown,error,,
1493,trinh,4.83,unknown,error,,
1494,trúng,4.83,unknown,error,,
1495,tàng,4.83,unknown,error,,
1496,tựa,4.83,unknown,error,,
1497,van,4.83,unknown,error,,
1498,ân,4.83,unknown,error,,
1499,điền,4.83,unknown,error,,
1500,bến,4.82,unknown,error,,
1501,cai,4.82,unknown,error,,
1502,chủng,4.82,unknown,error,,
1503,dàn,4.82,unknown,error,,
1504,dứt,4.82,unknown,error,,
1505,hi,4.82,unknown,error,,
1506,huyết,4.82,unknown,error,,
1507,huế,4.82,unknown,error,,
1508,ii,4.82,unknown,error,,
1509,khổng,4.82,unknown,error,,
1510,kiên,4.82,unknown,error,,
1511,miếng,4.82,unknown,error,,
1512,ngạc,4.82,unknown,error,,
1513,ngọn,4.82,unknown,error,,
1514,nhi,4.82,unknown,error,,
1515,sẻ,4.82,unknown,error,,
1516,tuyết,4.82,unknown,error,,
1517,bát,4.81,unknown,error,,
1518,bột,4.81,unknown,error,,
1519,chinh,4.81,unknown,error,,
1520,cốc,4.81,unknown,error,,
1521,giam,4.81,unknown,error,,
1522,khuyến,4.81,unknown,error,,
1523,kệ,4.81,unknown,error,,
1524,lũ,4.81,unknown,error,,
1525,lừa,4.81,unknown,error,,
1526,me,4.81,unknown,error,,
1527,nghèo,4.81,unknown,error,,
1528,ngón,4.81,unknown,error,,
1529,ngơi,4.81,unknown,error,,
1530,ngại,4.81,unknown,error,,
1531,nấu,4.81,unknown,error,,
1532,park,4.81,unknown,error,,
1533,say,4.81,unknown,error,,
1534,than,4.81,unknown,error,,
1535,tuấn,4.81,unknown,error,,
1536,chở,4.8,unknown,error,,
1537,cãi,4.8,unknown,error,,
1538,george,4.8,unknown,error,,
1539,ho,4.8,unknown,error,,
1540,hán,4.8,unknown,error,,
1541,hỗn,4.8,unknown,error,,
1542,khuôn,4.8,unknown,error,,
1543,kèm,4.8,unknown,error,,
1544,nhẫn,4.8,unknown,error,,
1545,singapore,4.8,unknown,error,,
1546,sánh,4.8,unknown,error,,
1547,sữa,4.8,unknown,error,,
1548,thiền,4.8,unknown,error,,
1549,thùng,4.8,unknown,error,,
1550,trưa,4.8,unknown,error,,
1551,xóa,4.8,unknown,error,,
1552,duyệt,4.79,unknown,error,,
1553,dường,4.79,unknown,error,,
1554,hang,4.79,unknown,error,,
1555,hoan,4.79,unknown,error,,
1556,mèo,4.79,unknown,error,,
1557,móc,4.79,unknown,error,,
1558,phiền,4.79,unknown,error,,
1559,pháo,4.79,unknown,error,,
1560,soạn,4.79,unknown,error,,
1561,thám,4.79,unknown,error,,
1562,tú,4.79,unknown,error,,
1563,ôm,4.79,unknown,error,,
1564,chán,4.78,unknown,error,,
1565,cụm,4.78,unknown,error,,
1566,giãn,4.78,unknown,error,,
1567,hòn,4.78,unknown,error,,
1568,hối,4.78,unknown,error,,
1569,luân,4.78,unknown,error,,
1570,lát,4.78,unknown,error,,
1571,mạn,4.78,unknown,error,,
1572,mồi,4.78,unknown,error,,
1573,rắn,4.78,unknown,error,,
1574,sỹ,4.78,unknown,error,,
1575,thải,4.78,unknown,error,,
1576,viêm,4.78,unknown,error,,
1577,bách,4.77,unknown,error,,
1578,co,4.77,unknown,error,,
1579,dã,4.77,unknown,error,,
1580,hằng,4.77,unknown,error,,
1581,khái,4.77,unknown,error,,
1582,phẫu,4.77,unknown,error,,
1583,trầm,4.77,unknown,error,,
1584,trộm,4.77,unknown,error,,
1585,xưởng,4.77,unknown,error,,
1586,đan,4.77,unknown,error,,
1587,ức,4.77,unknown,error,,
1588,bận,4.76,unknown,error,,
1589,chai,4.76,unknown,error,,
1590,chiêu,4.76,unknown,error,,
1591,chăn,4.76,unknown,error,,
1592,côn,4.76,unknown,error,,
1593,cẩm,4.76,unknown,error,,
1594,de,4.76,unknown,error,,
1595,khẳng,4.76,unknown,error,,
1596,kín,4.76,unknown,error,,
1597,liều,4.76,unknown,error,,
1598,mm,4.76,unknown,error,,
1599,my,4.76,unknown,error,,
1600,nho,4.76,unknown,error,,
1601,nô,4.76,unknown,error,,
1602,quyển,4.76,unknown,error,,
1603,rau,4.76,unknown,error,,
1604,tia,4.76,unknown,error,,
1605,tiêm,4.76,unknown,error,,
1606,windows,4.76,unknown,error,,
1607,úy,4.76,unknown,error,,
1608,chìm,4.75,unknown,error,,
1609,cám,4.75,unknown,error,,
1610,for,4.75,unknown,error,,
1611,khung,4.75,unknown,error,,
1612,khát,4.75,unknown,error,,
1613,kĩ,4.75,unknown,error,,
1614,malaysia,4.75,unknown,error,,
1615,muối,4.75,unknown,error,,
1616,màng,4.75,unknown,error,,
1617,mộng,4.75,unknown,error,,
1618,thép,4.75,unknown,error,,
1619,thụy,4.75,unknown,error,,
1620,tour,4.75,unknown,error,,
1621,tuân,4.75,unknown,error,,
1622,tám,4.75,unknown,error,,
1623,táo,4.75,unknown,error,,
1624,tốn,4.75,unknown,error,,
1625,vững,4.75,unknown,error,,
1626,xạ,4.75,unknown,error,,
1627,bông,4.74,unknown,error,,
1628,cửu,4.74,unknown,error,,
1629,dâm,4.74,unknown,error,,
1630,hoảng,4.74,unknown,error,,
1631,khoan,4.74,unknown,error,,
1632,khôi,4.74,unknown,error,,
1633,khẩn,4.74,unknown,error,,
1634,leo,4.74,unknown,error,,
1635,lưỡi,4.74,unknown,error,,
1636,lồ,4.74,unknown,error,,
1637,mạo,4.74,unknown,error,,
1638,nhuận,4.74,unknown,error,,
1639,nhị,4.74,unknown,error,,
1640,sàn,4.74,unknown,error,,
1641,túy,4.74,unknown,error,,
1642,đầm,4.74,unknown,error,,
1643,album,4.73,unknown,error,,
1644,bùi,4.73,unknown,error,,
1645,google,4.73,unknown,error,,
1646,khoáng,4.73,unknown,error,,
1647,khuẩn,4.73,unknown,error,,
1648,khích,4.73,unknown,error,,
1649,khứ,4.73,unknown,error,,
1650,kiều,4.73,unknown,error,,
1651,lẻ,4.73,unknown,error,,
1652,lọc,4.73,unknown,error,,
1653,paris,4.73,unknown,error,,
1654,peter,4.73,unknown,error,,
1655,trôi,4.73,unknown,error,,
1656,trượt,4.73,unknown,error,,
1657,vuông,4.73,unknown,error,,
1658,xá,4.73,unknown,error,,
1659,ơi,4.73,unknown,error,,
1660,bụi,4.72,unknown,error,,
1661,chép,4.72,unknown,error,,
1662,duyên,4.72,unknown,error,,
1663,gián,4.72,unknown,error,,
1664,men,4.72,unknown,error,,
1665,mây,4.72,unknown,error,,
1666,mù,4.72,unknown,error,,
1667,quỷ,4.72,unknown,error,,
1668,sợi,4.72,unknown,error,,
1669,tao,4.72,unknown,error,,
1670,tủ,4.72,unknown,error,,
1671,vây,4.72,unknown,error,,
1672,đặng,4.72,unknown,error,,
1673,chư,4.71,unknown,error,,
1674,chả,4.71,unknown,error,,
1675,dọn,4.71,unknown,error,,
1676,hẹp,4.71,unknown,error,,
1677,kem,4.71,unknown,error,,
1678,kiệt,4.71,unknown,error,,
1679,lân,4.71,unknown,error,,
1680,lồng,4.71,unknown,error,,
1681,muộn,4.71,unknown,error,,
1682,mì,4.71,unknown,error,,
1683,nguyệt,4.71,unknown,error,,
1684,ngầm,4.71,unknown,error,,
1685,nét,4.71,unknown,error,,
1686,nấm,4.71,unknown,error,,
1687,phe,4.71,unknown,error,,
1688,quái,4.71,unknown,error,,
1689,tiềm,4.71,unknown,error,,
1690,trịnh,4.71,unknown,error,,
1691,vội,4.71,unknown,error,,
1692,đoạt,4.71,unknown,error,,
1693,đói,4.71,unknown,error,,
1694,bỉ,4.7,unknown,error,,
1695,gói,4.7,unknown,error,,
1696,hiền,4.7,unknown,error,,
1697,lỏng,4.7,unknown,error,,
1698,ngắm,4.7,unknown,error,,
1699,rồng,4.7,unknown,error,,
1700,su,4.7,unknown,error,,
1701,tang,4.7,unknown,error,,
1702,thạnh,4.7,unknown,error,,
1703,xoay,4.7,unknown,error,,
1704,à,4.7,unknown,error,,
1705,đằng,4.7,unknown,error,,
1706,ổ,4.7,unknown,error,,
1707,bồi,4.69,unknown,error,,
1708,canada,4.69,unknown,error,,
1709,dáng,4.69,unknown,error,,
1710,ghé,4.69,unknown,error,,
1711,giáng,4.69,unknown,error,,
1712,league,4.69,unknown,error,,
1713,lãm,4.69,unknown,error,,
1714,mến,4.69,unknown,error,,
1715,na,4.69,unknown,error,,
1716,nhãn,4.69,unknown,error,,
1717,nhượng,4.69,unknown,error,,
1718,nút,4.69,unknown,error,,
1719,nướng,4.69,unknown,error,,
1720,sốt,4.69,unknown,error,,
1721,thưa,4.69,unknown,error,,
1722,tv,4.69,unknown,error,,
1723,tươi,4.69,unknown,error,,
1724,ven,4.69,unknown,error,,
1725,xô,4.69,unknown,error,,
1726,ôn,4.69,unknown,error,,
1727,by,4.68,unknown,error,,
1728,bút,4.68,unknown,error,,
1729,dạo,4.68,unknown,error,,
1730,it,4.68,unknown,error,,
1731,khen,4.68,unknown,error,,
1732,khôn,4.68,unknown,error,,
1733,kí,4.68,unknown,error,,
1734,lắp,4.68,unknown,error,,
1735,mồ,4.68,unknown,error,,
1736,nhấn,4.68,unknown,error,,
1737,paul,4.68,unknown,error,,
1738,tạ,4.68,unknown,error,,
1739,vang,4.68,unknown,error,,
1740,vú,4.68,unknown,error,,
1741,xích,4.68,unknown,error,,
1742,đồi,4.68,unknown,error,,
1743,ấp,4.68,unknown,error,,
1744,axit,4.67,unknown,error,,
1745,cống,4.67,unknown,error,,
1746,giấu,4.67,unknown,error,,
1747,heo,4.67,unknown,error,,
1748,hôi,4.67,unknown,error,,
1749,kỉ,4.67,unknown,error,,
1750,lò,4.67,unknown,error,,
1751,lầu,4.67,unknown,error,,
1752,mọc,4.67,unknown,error,,
1753,mỏi,4.67,unknown,error,,
1754,nạp,4.67,unknown,error,,
1755,nẵng,4.67,unknown,error,,
1756,triết,4.67,unknown,error,,
1757,tóm,4.67,unknown,error,,
1758,xóm,4.67,unknown,error,,
1759,bọc,4.66,unknown,error,,
1760,cáp,4.66,unknown,error,,
1761,dâng,4.66,unknown,error,,
1762,hot,4.66,unknown,error,,
1763,huỳnh,4.66,unknown,error,,
1764,hâm,4.66,unknown,error,,
1765,lee,4.66,unknown,error,,
1766,mươi,4.66,unknown,error,,
1767,nghìn,4.66,unknown,error,,
1768,nâu,4.66,unknown,error,,
1769,nương,4.66,unknown,error,,
1770,quét,4.66,unknown,error,,
1771,ruột,4.66,unknown,error,,
1772,sưu,4.66,unknown,error,,
1773,virus,4.66,unknown,error,,
1774,đẻ,4.66,unknown,error,,
1775,all,4.65,unknown,error,,
1776,bốc,4.65,unknown,error,,
1777,bội,4.65,unknown,error,,
1778,cm,4.65,unknown,error,,
1779,cược,4.65,unknown,error,,
1780,dâu,4.65,unknown,error,,
1781,im,4.65,unknown,error,,
1782,lúa,4.65,unknown,error,,
1783,lợn,4.65,unknown,error,,
1784,nạ,4.65,unknown,error,,
1785,rũ,4.65,unknown,error,,
1786,thiệp,4.65,unknown,error,,
1787,thoái,4.65,unknown,error,,
1788,thổi,4.65,unknown,error,,
1789,tiệm,4.65,unknown,error,,
1790,trộn,4.65,unknown,error,,
1791,va,4.65,unknown,error,,
1792,giật,4.64,unknown,error,,
1793,gã,4.64,unknown,error,,
1794,hận,4.64,unknown,error,,
1795,mét,4.64,unknown,error,,
1796,mỏ,4.64,unknown,error,,
1797,ngư,4.64,unknown,error,,
1798,ngập,4.64,unknown,error,,
1799,nhầm,4.64,unknown,error,,
1800,nụ,4.64,unknown,error,,
1801,suối,4.64,unknown,error,,
1802,tớ,4.64,unknown,error,,
1803,điên,4.64,unknown,error,,
1804,đạp,4.64,unknown,error,,
1805,chôn,4.63,unknown,error,,
1806,chăng,4.63,unknown,error,,
1807,gợi,4.63,unknown,error,,
1808,huệ,4.63,unknown,error,,
1809,hãi,4.63,unknown,error,,
1810,hưu,4.63,unknown,error,,
1811,kiếp,4.63,unknown,error,,
1812,má,4.63,unknown,error,,
1813,mũ,4.63,unknown,error,,
1814,nai,4.63,unknown,error,,
1815,ng,4.63,unknown,error,,
1816,nhạt,4.63,unknown,error,,
1817,nhịp,4.63,unknown,error,,
1818,phế,4.63,unknown,error,,
1819,đáy,4.63,unknown,error,,
1820,đâm,4.63,unknown,error,,
1821,đống,4.63,unknown,error,,
1822,đớn,4.63,unknown,error,,
1823,henry,4.62,unknown,error,,
1824,huống,4.62,unknown,error,,
1825,khang,4.62,unknown,error,,
1826,lưỡng,4.62,unknown,error,,
1827,lỡ,4.62,unknown,error,,
1828,nhắm,4.62,unknown,error,,
1829,nát,4.62,unknown,error,,
1830,phẳng,4.62,unknown,error,,
1831,quỳnh,4.62,unknown,error,,
1832,robert,4.62,unknown,error,,
1833,tràn,4.62,unknown,error,,
1834,tạng,4.62,unknown,error,,
1835,váy,4.62,unknown,error,,
1836,with,4.62,unknown,error,,
1837,diệu,4.61,unknown,error,,
1838,dịp,4.61,unknown,error,,
1839,f,4.61,unknown,error,,
1840,file,4.61,unknown,error,,
1841,ghép,4.61,unknown,error,,
1842,group,4.61,unknown,error,,
1843,gỡ,4.61,unknown,error,,
1844,kh,4.61,unknown,error,,
1845,khoẻ,4.61,unknown,error,,
1846,london,4.61,unknown,error,,
1847,mark,4.61,unknown,error,,
1848,one,4.61,unknown,error,,
1849,phấn,4.61,unknown,error,,
1850,uỷ,4.61,unknown,error,,
1851,óc,4.61,unknown,error,,
1852,đắc,4.61,unknown,error,,
1853,am,4.6,unknown,error,,
1854,buông,4.6,unknown,error,,
1855,béo,4.6,unknown,error,,
1856,bê,4.6,unknown,error,,
1857,bấy,4.6,unknown,error,,
1858,camera,4.6,unknown,error,,
1859,cúc,4.6,unknown,error,,
1860,dò,4.6,unknown,error,,
1861,gạo,4.6,unknown,error,,
1862,khói,4.6,unknown,error,,
1863,li,4.6,unknown,error,,
1864,ngưỡng,4.6,unknown,error,,
1865,ong,4.6,unknown,error,,
1866,protein,4.6,unknown,error,,
1867,quyến,4.6,unknown,error,,
1868,quát,4.6,unknown,error,,
1869,vịnh,4.6,unknown,error,,
1870,xi,4.6,unknown,error,,
1871,ưa,4.6,unknown,error,,
1872,bàng,4.59,unknown,error,,
1873,bền,4.59,unknown,error,,
1874,cự,4.59,unknown,error,,
1875,gánh,4.59,unknown,error,,
1876,gối,4.59,unknown,error,,
1877,khoác,4.59,unknown,error,,
1878,lùi,4.59,unknown,error,,
1879,lặp,4.59,unknown,error,,
1880,mary,4.59,unknown,error,,
1881,ngoan,4.59,unknown,error,,
1882,ngộ,4.59,unknown,error,,
1883,nộp,4.59,unknown,error,,
1884,thắc,4.59,unknown,error,,
1885,thỉnh,4.59,unknown,error,,
1886,trân,4.59,unknown,error,,
1887,đậm,4.59,unknown,error,,
1888,bớt,4.58,unknown,error,,
1889,ghét,4.58,unknown,error,,
1890,hoại,4.58,unknown,error,,
1891,mexico,4.58,unknown,error,,
1892,móng,4.58,unknown,error,,
1893,măng,4.58,unknown,error,,
1894,rốt,4.58,unknown,error,,
1895,ti,4.58,unknown,error,,
1896,tật,4.58,unknown,error,,
1897,xăng,4.58,unknown,error,,
1898,bar,4.57,unknown,error,,
1899,charles,4.57,unknown,error,,
1900,chuông,4.57,unknown,error,,
1901,cong,4.57,unknown,error,,
1902,cắm,4.57,unknown,error,,
1903,diệp,4.57,unknown,error,,
1904,dãy,4.57,unknown,error,,
1905,gai,4.57,unknown,error,,
1906,khoá,4.57,unknown,error,,
1907,lùng,4.57,unknown,error,,
1908,lệch,4.57,unknown,error,,
1909,lộn,4.57,unknown,error,,
1910,mượn,4.57,unknown,error,,
1911,mảng,4.57,unknown,error,,
1912,nề,4.57,unknown,error,,
1913,quỳ,4.57,unknown,error,,
1914,richard,4.57,unknown,error,,
1915,rẻ,4.57,unknown,error,,
1916,sụp,4.57,unknown,error,,
1917,tre,4.57,unknown,error,,
1918,youtube,4.57,unknown,error,,
1919,đáo,4.57,unknown,error,,
1920,air,4.56,unknown,error,,
1921,bái,4.56,unknown,error,,
1922,bỏng,4.56,unknown,error,,
1923,củng,4.56,unknown,error,,
1924,model,4.56,unknown,error,,
1925,ngự,4.56,unknown,error,,
1926,syria,4.56,unknown,error,,
1927,thuẫn,4.56,unknown,error,,
1928,trật,4.56,unknown,error,,
1929,vả,4.56,unknown,error,,
1930,đc,4.56,unknown,error,,
1931,đùa,4.56,unknown,error,,
1932,ồn,4.56,unknown,error,,
1933,bùng,4.55,unknown,error,,
1934,bọ,4.55,unknown,error,,
1935,chìa,4.55,unknown,error,,
1936,cơm,4.55,unknown,error,,
1937,cạn,4.55,unknown,error,,
1938,frank,4.55,unknown,error,,
1939,indonesia,4.55,unknown,error,,
1940,khuyết,4.55,unknown,error,,
1941,lau,4.55,unknown,error,,
1942,lót,4.55,unknown,error,,
1943,lật,4.55,unknown,error,,
1944,ngưng,4.55,unknown,error,,
1945,ngợi,4.55,unknown,error,,
1946,nhĩ,4.55,unknown,error,,
1947,nhựa,4.55,unknown,error,,
1948,nở,4.55,unknown,error,,
1949,online,4.55,unknown,error,,
1950,phổi,4.55,unknown,error,,
1951,ranh,4.55,unknown,error,,
1952,sướng,4.55,unknown,error,,
1953,thoảng,4.55,unknown,error,,
1954,thỏ,4.55,unknown,error,,
1955,tráng,4.55,unknown,error,,
1956,v.v,4.55,unknown,error,,
1957,voi,4.55,unknown,error,,
1958,vành,4.55,unknown,error,,
1959,william,4.55,unknown,error,,
1960,bưu,4.54,unknown,error,,
1961,chốt,4.54,unknown,error,,
1962,cuồng,4.54,unknown,error,,
1963,dẹp,4.54,unknown,error,,
1964,inch,4.54,unknown,error,,
1965,làn,4.54,unknown,error,,
1966,lọt,4.54,unknown,error,,
1967,nhàng,4.54,unknown,error,,
1968,nhện,4.54,unknown,error,,
1969,nêu,4.54,unknown,error,,
1970,nắng,4.54,unknown,error,,
1971,phun,4.54,unknown,error,,
1972,phùng,4.54,unknown,error,,
1973,phượng,4.54,unknown,error,,
1974,ruộng,4.54,unknown,error,,
1975,rắc,4.54,unknown,error,,
1976,sói,4.54,unknown,error,,
1977,taxi,4.54,unknown,error,,
1978,thắt,4.54,unknown,error,,
1979,tom,4.54,unknown,error,,
1980,tuệ,4.54,unknown,error,,
1981,tò,4.54,unknown,error,,
1982,vu,4.54,unknown,error,,
1983,đ,4.54,unknown,error,,
1984,đòn,4.54,unknown,error,,
1985,đúc,4.54,unknown,error,,
1986,đắn,4.54,unknown,error,,
1987,ướt,4.54,unknown,error,,
1988,campuchia,4.53,unknown,error,,
1989,carl,4.53,unknown,error,,
1990,chẽ,4.53,unknown,error,,
1991,cậy,4.53,unknown,error,,
1992,cắn,4.53,unknown,error,,
1993,dong,4.53,unknown,error,,
1994,dối,4.53,unknown,error,,
1995,gấu,4.53,unknown,error,,
1996,harry,4.53,unknown,error,,
1997,hân,4.53,unknown,error,,
1998,khớp,4.53,unknown,error,,
1999,lạt,4.53,unknown,error,,
2000,martin,4.53,unknown,error,,
