Rank,Lemma,Frequency_Score
1,là,7.26
2,và,7.17
3,có,7.13
4,của,7.1
5,được,7.01
6,một,7.0
7,các,6.99
8,không,6.95
9,trong,6.94
10,cho,6.9
11,người,6.84
12,này,6.82
13,với,6.79
14,ở,6.78
15,đã,6.76
16,thể,6.73
17,để,6.72
18,như,6.65
19,những,6.63
20,đến,6.63
21,khi,6.61
22,làm,6.61
23,sẽ,6.6
24,từ,6.6
25,ra,6.59
26,công,6.57
27,họ,6.57
28,tại,6.57
29,về,6.57
30,vào,6.55
31,đó,6.55
32,cũng,6.54
33,thành,6.53
34,lại,6.52
35,đầu,6.5
36,chỉ,6.49
37,năm,6.49
38,sự,6.49
39,tôi,6.49
40,bị,6.48
41,học,6.48
42,phải,6.48
43,chính,6.47
44,ngày,6.47
45,số,6.47
46,ông,6.47
47,động,6.47
48,mà,6.46
49,nhà,6.46
50,thì,6.46
51,trên,6.45
52,việc,6.45
53,sau,6.41
54,nam,6.4
55,điều,6.4
56,còn,6.39
57,chúng,6.38
58,gia,6.38
59,mình,6.38
60,thế,6.38
61,nhưng,6.37
62,rất,6.37
63,đi,6.37
64,bộ,6.36
65,nhân,6.36
66,thực,6.36
67,bạn,6.35
68,hiện,6.35
69,theo,6.35
70,thời,6.35
71,anh,6.34
72,con,6.34
73,hơn,6.34
74,nước,6.34
75,nhất,6.33
76,sinh,6.33
77,đây,6.33
78,nên,6.31
79,sử,6.31
80,cả,6.3
81,quốc,6.3
82,trung,6.3
83,hành,6.29
84,hình,6.29
85,phát,6.29
86,vì,6.29
87,1,6.28
88,nó,6.28
89,cần,6.27
90,nhiều,6.27
91,tin,6.27
92,đại,6.27
93,quan,6.26
94,viên,6.26
95,đang,6.26
96,biết,6.25
97,ta,6.25
98,độ,6.25
99,do,6.24
100,hội,6.24
101,lên,6.24
102,việt,6.24
103,đồng,6.24
104,hay,6.23
105,khác,6.23
106,nếu,6.23
107,trước,6.23
108,bản,6.22
109,dân,6.22
110,kết,6.22
111,nói,6.22
112,định,6.22
113,thứ,6.21
114,cùng,6.2
115,cầu,6.2
116,nào,6.2
117,xuất,6.2
118,dụng,6.19
119,lý,6.19
120,pháp,6.19
121,2,6.18
122,cao,6.18
123,thị,6.18
124,trường,6.18
125,tên,6.18
126,tốt,6.18
127,cách,6.17
128,thấy,6.17
129,văn,6.17
130,chủ,6.16
131,qua,6.16
132,thích,6.16
133,vị,6.16
134,mới,6.15
135,phần,6.15
136,tự,6.15
137,ý,6.15
138,giải,6.14
139,bảo,6.13
140,cơ,6.13
141,em,6.13
142,giới,6.13
143,hợp,6.13
144,liên,6.13
145,bằng,6.12
146,hai,6.12
147,ngoài,6.12
148,3,6.11
149,cảm,6.11
150,giúp,6.11
151,tới,6.11
152,vậy,6.11
153,tháng,6.1
154,trình,6.1
155,ăn,6.1
156,điểm,6.1
157,chức,6.09
158,lớn,6.09
159,sống,6.09
160,thông,6.09
161,thường,6.09
162,bình,6.08
163,cuộc,6.08
164,nhận,6.08
165,quá,6.08
166,sản,6.08
167,tế,6.08
168,yêu,6.08
169,hoặc,6.07
170,lượng,6.07
171,vụ,6.07
172,đường,6.07
173,cô,6.06
174,rằng,6.06
175,thống,6.06
176,tiếp,6.06
177,tính,6.06
178,vẫn,6.06
179,xe,6.06
180,gì,6.05
181,khu,6.05
182,loại,6.05
183,muốn,6.05
184,tập,6.05
185,cái,6.04
186,tác,6.04
187,đối,6.04
188,hàng,6.03
189,hệ,6.03
190,trị,6.03
191,tìm,6.03
192,địa,6.03
193,lần,6.02
194,lực,6.02
195,tay,6.02
196,trở,6.02
197,bao,6.01
198,hóa,6.01
199,mặt,6.01
200,mỹ,6.01
201,nay,6.01
202,thủ,6.01
203,tiền,6.01
204,gọi,6.0
205,kỳ,6.0
206,máy,6.0
207,tiếng,6.0
208,tạo,6.0
209,chi,5.99
210,cấp,5.99
211,kinh,5.99
212,tham,5.99
213,toàn,5.99
214,bắt,5.98
215,giáo,5.98
216,minh,5.98
217,nghiệp,5.98
218,nhau,5.98
219,nhiên,5.98
220,thêm,5.98
221,ảnh,5.98
222,ban,5.97
223,bất,5.97
224,chiến,5.97
225,chưa,5.97
226,giờ,5.97
227,mọi,5.97
228,phương,5.97
229,rồi,5.97
230,thức,5.97
231,tích,5.97
232,xem,5.97
233,xã,5.97
234,hoa,5.96
235,nguyên,5.96
236,phòng,5.96
237,tổ,5.96
238,đặc,5.96
239,chú,5.95
240,ngay,5.95
241,tỉnh,5.95
242,nơi,5.94
243,sao,5.94
244,sĩ,5.94
245,tư,5.94
246,đạo,5.94
247,4,5.93
248,bên,5.93
249,bố,5.93
250,hiệu,5.93
251,luôn,5.93
252,lúc,5.93
253,tổng,5.93
254,đề,5.93
255,lịch,5.92
256,năng,5.92
257,quyền,5.92
258,tâm,5.92
259,tình,5.92
260,vật,5.92
261,điện,5.92
262,đánh,5.92
263,5,5.91
264,gian,5.91
265,tiên,5.91
266,tử,5.91
267,đất,5.91
268,đều,5.91
269,bà,5.9
270,bài,5.9
271,bởi,5.9
272,chuyển,5.9
273,diện,5.9
274,phân,5.9
275,thuật,5.9
276,đơn,5.9
277,hoạt,5.89
278,lập,5.89
279,mẹ,5.89
280,nhanh,5.89
281,phố,5.89
282,thiết,5.89
283,trang,5.89
284,tất,5.89
285,hãy,5.88
286,lời,5.88
287,thuộc,5.88
288,thật,5.88
289,truyền,5.88
290,trí,5.88
291,vực,5.88
292,đông,5.88
293,an,5.87
294,cá,5.87
295,hết,5.87
296,nữ,5.87
297,phong,5.87
298,sách,5.87
299,triển,5.87
300,báo,5.86
301,chất,5.86
302,dịch,5.86
303,hà,5.86
304,nhìn,5.86
305,thanh,5.86
306,tinh,5.86
307,vừa,5.86
308,đưa,5.86
309,biệt,5.85
310,chế,5.85
311,khoảng,5.85
312,nội,5.85
313,từng,5.85
314,vô,5.85
315,đẹp,5.85
316,cảnh,5.84
317,diễn,5.84
318,dưới,5.84
319,kế,5.84
320,tiến,5.84
321,đoàn,5.84
322,đổi,5.84
323,đội,5.84
324,biến,5.83
325,chơi,5.83
326,chương,5.83
327,câu,5.83
328,cổ,5.83
329,mục,5.83
330,nghệ,5.83
331,nhật,5.83
332,nữa,5.83
333,thân,5.83
334,trọng,5.83
335,đồ,5.83
336,đức,5.83
337,cứu,5.82
338,dự,5.82
339,giữa,5.82
340,hiểu,5.82
341,phẩm,5.82
342,sáng,5.82
343,thu,5.82
344,tiêu,5.82
345,tăng,5.82
346,vấn,5.82
347,đủ,5.82
348,ai,5.81
349,dài,5.81
350,thay,5.81
351,tài,5.81
352,bỏ,5.8
353,cuối,5.8
354,cửa,5.8
355,lưu,5.8
356,nghĩa,5.8
357,phụ,5.8
358,thi,5.8
359,tuy,5.8
360,đình,5.8
361,6,5.79
362,chuyện,5.79
363,dùng,5.79
364,giao,5.79
365,giá,5.79
366,hòa,5.79
367,nhiệm,5.79
368,sở,5.79
369,thái,5.79
370,thần,5.79
371,trưởng,5.79
372,đặt,5.79
373,ba,5.78
374,chị,5.78
375,khoa,5.78
376,nguyễn,5.78
377,quân,5.78
378,thiên,5.78
379,thương,5.78
380,tương,5.78
381,gần,5.77
382,hỏi,5.77
383,mang,5.77
384,quả,5.77
385,sát,5.77
386,tra,5.77
387,xác,5.77
388,đúng,5.77
389,ấy,5.77
390,bay,5.76
391,chiếc,5.76
392,liệu,5.76
393,lấy,5.76
394,nhỏ,5.76
395,phục,5.76
396,tranh,5.76
397,viết,5.76
398,vệ,5.76
399,đời,5.76
400,cung,5.75
401,danh,5.75
402,gặp,5.75
403,hồ,5.75
404,mất,5.75
405,nổi,5.75
406,tuổi,5.75
407,tối,5.75
408,viện,5.75
409,âm,5.75
410,ứng,5.75
411,7,5.74
412,bé,5.74
413,chí,5.74
414,cứ,5.74
415,dù,5.74
416,dẫn,5.74
417,màu,5.74
418,nghe,5.74
419,rõ,5.74
420,giữ,5.73
421,hoàn,5.73
422,hữu,5.73
423,thư,5.73
424,trẻ,5.73
425,tưởng,5.73
426,bán,5.72
427,gồm,5.72
428,quyết,5.72
429,vận,5.72
430,đêm,5.72
431,biểu,5.71
432,cộng,5.71
433,khí,5.71
434,kiến,5.71
435,quận,5.71
436,vui,5.71
437,vùng,5.71
438,xin,5.71
439,bóng,5.7
440,bệnh,5.7
441,dương,5.7
442,giống,5.7
443,nhập,5.7
444,triệu,5.7
445,trả,5.7
446,yếu,5.7
447,đấu,5.7
448,biển,5.69
449,chung,5.69
450,dựng,5.69
451,hoàng,5.69
452,huyện,5.69
453,khó,5.69
454,nghĩ,5.69
455,quản,5.69
456,rộng,5.69
457,tục,5.69
458,chắc,5.68
459,chọn,5.68
460,chứng,5.68
461,cố,5.68
462,di,5.68
463,hải,5.68
464,kiểm,5.68
465,mở,5.68
466,nguồn,5.68
467,phía,5.68
468,sơn,5.68
469,xây,5.68
470,8,5.67
471,bác,5.67
472,chịu,5.67
473,giả,5.67
474,hướng,5.67
475,in,5.67
476,kể,5.67
477,mạnh,5.67
478,mắt,5.67
479,phủ,5.67
480,ca,5.66
481,chân,5.66
482,châu,5.66
483,lâu,5.66
484,sư,5.66
485,tây,5.66
486,tượng,5.66
487,xuống,5.66
488,ít,5.66
489,đáng,5.66
490,a,5.65
491,bắc,5.65
492,cây,5.65
493,luật,5.65
494,lòng,5.65
495,nằm,5.65
496,chết,5.64
497,chống,5.64
498,cư,5.64
499,ký,5.64
500,mạng,5.64
501,phim,5.64
502,tàu,5.64
503,án,5.64
504,dạng,5.63
505,hôm,5.63
506,mỗi,5.63
507,sắc,5.63
508,trợ,5.63
509,uống,5.63
510,đá,5.63
511,đạt,5.63
512,dễ,5.62
513,hộ,5.62
514,kim,5.62
515,kiện,5.62
516,kích,5.62
517,nghiên,5.62
518,thuốc,5.62
519,xa,5.62
520,đâu,5.62
521,9,5.61
522,ngoại,5.61
523,nhiệt,5.61
524,sang,5.61
525,sức,5.61
526,trái,5.61
527,trời,5.61
528,trực,5.61
529,ty,5.61
530,vi,5.61
531,đàn,5.61
532,độc,5.61
533,chẳng,5.6
534,hạ,5.6
535,quy,5.6
536,trận,5.6
537,vòng,5.6
538,vũ,5.6
539,đau,5.6
540,đoạn,5.6
541,giám,5.59
542,gái,5.59
543,gây,5.59
544,long,5.59
545,lễ,5.59
546,mô,5.59
547,mùa,5.59
548,quý,5.59
549,sân,5.59
550,the,5.59
551,thủy,5.59
552,tiểu,5.59
553,trò,5.59
554,tuyệt,5.59
555,chúa,5.58
556,duy,5.58
557,hạn,5.58
558,hậu,5.58
559,lệ,5.58
560,mặc,5.58
561,nghị,5.58
562,nhạc,5.58
563,phép,5.58
564,trần,5.58
565,y,5.58
566,bàn,5.57
567,chuẩn,5.57
568,du,5.57
569,hồng,5.57
570,khách,5.57
571,kiếm,5.57
572,lãnh,5.57
573,phá,5.57
574,phạm,5.57
575,quảng,5.57
576,đa,5.57
577,đóng,5.57
578,đô,5.57
579,đảng,5.57
580,chia,5.56
581,khiến,5.56
582,mua,5.56
583,môi,5.56
584,nhóm,5.56
585,tuần,5.56
586,vài,5.56
587,đôi,5.56
588,cập,5.55
589,hưởng,5.55
590,i,5.55
591,khai,5.55
592,khả,5.55
593,kỹ,5.55
594,ngủ,5.55
595,nhé,5.55
596,nhớ,5.55
597,trai,5.55
598,đào,5.55
599,chạy,5.54
600,dục,5.54
601,ghi,5.54
602,khỏi,5.54
603,phút,5.54
604,so,5.54
605,thắng,5.54
606,tỷ,5.54
607,vẻ,5.54
608,yên,5.54
609,đứng,5.54
610,c,5.53
611,doanh,5.53
612,lợi,5.53
613,tấn,5.53
614,vọng,5.53
615,hồi,5.52
616,khẩu,5.52
617,lan,5.52
618,lớp,5.52
619,mật,5.52
620,thiếu,5.52
621,thoại,5.52
622,tránh,5.52
623,tuyến,5.52
624,tân,5.52
625,ấn,5.52
626,chuyên,5.51
627,hàn,5.51
628,thảo,5.51
629,vàng,5.51
630,áo,5.51
631,đảo,5.51
632,chỗ,5.5
633,dung,5.5
634,dòng,5.5
635,giảm,5.5
636,khá,5.5
637,lo,5.5
638,lạc,5.5
639,lệnh,5.5
640,phản,5.5
641,vợ,5.5
642,xử,5.5
643,ủy,5.5
644,buổi,5.49
645,cáo,5.49
646,cực,5.49
647,mã,5.49
648,riêng,5.49
649,tướng,5.49
650,hoạch,5.48
651,kỷ,5.48
652,linh,5.48
653,may,5.48
654,máu,5.48
655,quang,5.48
656,tiết,5.48
657,tuyển,5.48
658,áp,5.48
659,cha,5.47
660,chút,5.47
661,cánh,5.47
662,hát,5.47
663,hơi,5.47
664,miền,5.47
665,ngôi,5.47
666,nền,5.47
667,quay,5.47
668,thúc,5.47
669,to,5.47
670,tịch,5.47
671,chữ,5.46
672,hiểm,5.46
673,hại,5.46
674,hắn,5.46
675,khảo,5.46
676,lê,5.46
677,mẫu,5.46
678,nghiệm,5.46
679,nghỉ,5.46
680,nguy,5.46
681,ninh,5.46
682,phiên,5.46
683,phó,5.46
684,thuận,5.46
685,thôi,5.46
686,thất,5.46
687,xảy,5.46
688,chắn,5.45
689,cải,5.45
690,dấu,5.45
691,luận,5.45
692,môn,5.45
693,tôn,5.45
694,biên,5.44
695,bước,5.44
696,căn,5.44
697,giai,5.44
698,kiểu,5.44
699,nông,5.44
700,quần,5.44
701,thú,5.44
702,thử,5.44
703,tức,5.44
704,đọc,5.44
705,bổ,5.43
706,chiều,5.43
707,càng,5.43
708,lâm,5.43
709,ngồi,5.43
710,phổ,5.43
711,thơ,5.43
712,vai,5.43
713,vua,5.43
714,bí,5.42
715,bảng,5.42
716,kia,5.42
717,lộ,5.42
718,m,5.42
719,phi,5.42
720,thưởng,5.42
721,thấp,5.42
722,bánh,5.41
723,huy,5.41
724,khởi,5.41
725,lai,5.41
726,mức,5.41
727,sai,5.41
728,sớm,5.41
729,toán,5.41
730,chấp,5.4
731,cấu,5.4
732,da,5.4
733,gửi,5.4
734,ngữ,5.4
735,nha,5.4
736,niên,5.4
737,thầy,5.4
738,tố,5.4
739,giang,5.39
740,giác,5.39
741,giết,5.39
742,kéo,5.39
743,luyện,5.39
744,lá,5.39
745,lĩnh,5.39
746,mong,5.39
747,món,5.39
748,mấy,5.39
749,ngon,5.39
750,quanh,5.39
751,sông,5.39
752,trúc,5.39
753,xuân,5.39
754,đầy,5.39
755,đừng,5.39
756,coi,5.38
757,cười,5.38
758,hạnh,5.38
759,hỗ,5.38
760,khỏe,5.38
761,l,5.38
762,lương,5.38
763,mai,5.38
764,mềm,5.38
765,phú,5.38
766,thánh,5.38
767,tội,5.38
768,cụ,5.37
769,dành,5.37
770,hương,5.37
771,la,5.37
772,lẽ,5.37
773,lỗi,5.37
774,nhằm,5.37
775,suy,5.37
776,sẵn,5.37
777,tòa,5.37
778,tốc,5.37
779,bắn,5.36
780,chứ,5.36
781,hy,5.36
782,hạt,5.36
783,nghi,5.36
784,ngành,5.36
785,nàng,5.36
786,nạn,5.36
787,thượng,5.36
788,trắng,5.36
789,đen,5.36
790,đốc,5.36
791,ổn,5.36
792,hầu,5.35
793,mạch,5.35
794,sợ,5.35
795,tộc,5.35
796,xuyên,5.35
797,xếp,5.35
798,binh,5.34
799,bức,5.34
800,chồng,5.34
801,chứa,5.34
802,cậu,5.34
803,khóa,5.34
804,lửa,5.34
805,ma,5.34
806,song,5.34
807,suốt,5.34
808,tuyên,5.34
809,á,5.34
810,đem,5.34
811,đỏ,5.34
812,cạnh,5.33
813,cầm,5.33
814,dạy,5.33
815,gốc,5.33
816,hiệp,5.33
817,hôn,5.33
818,ngài,5.33
819,ngăn,5.33
820,sơ,5.33
821,tim,5.33
822,trao,5.33
823,âu,5.33
824,đài,5.33
825,cử,5.32
826,dữ,5.32
827,kẻ,5.32
828,ngờ,5.32
829,niệm,5.32
830,nối,5.32
831,phúc,5.32
832,quen,5.32
833,súng,5.32
834,thẳng,5.32
835,trạng,5.32
836,tín,5.32
837,băng,5.31
838,chiếu,5.31
839,cũ,5.31
840,cắt,5.31
841,cục,5.31
842,dây,5.31
843,kính,5.31
844,lạ,5.31
845,nặng,5.31
846,sắp,5.31
847,thậm,5.31
848,trách,5.31
849,b,5.3
850,bầu,5.3
851,chờ,5.3
852,hãng,5.3
853,lựa,5.3
854,mối,5.3
855,nga,5.3
856,núi,5.3
857,phận,5.3
858,phối,5.3
859,quán,5.3
860,sâu,5.3
861,thuyết,5.3
862,thừa,5.3
863,trương,5.3
864,vương,5.3
865,đăng,5.3
866,đảm,5.3
867,bại,5.29
868,hạng,5.29
869,khối,5.29
870,lao,5.29
871,mãi,5.29
872,ngựa,5.29
873,nuôi,5.29
874,tai,5.29
875,xong,5.29
876,ơn,5.29
877,nghiêm,5.28
878,ngắn,5.28
879,rượu,5.28
880,tái,5.28
881,vượt,5.28
882,xung,5.28
883,đổ,5.28
884,ước,5.28
885,chiếm,5.27
886,chuyến,5.27
887,mại,5.27
888,nhờ,5.27
889,thao,5.27
890,trì,5.27
891,ví,5.27
892,vốn,5.27
893,vời,5.27
894,cận,5.26
895,dựa,5.26
896,khắc,5.26
897,làng,5.26
898,lắng,5.26
899,mơ,5.26
900,mời,5.26
901,ngọc,5.26
902,nhắc,5.26
903,phù,5.26
904,suất,5.26
905,t,5.26
906,thiện,5.26
907,thoát,5.26
908,truy,5.26
909,tầng,5.26
910,tận,5.26
911,bào,5.25
912,cuốn,5.25
913,lái,5.25
914,ràng,5.25
915,thịt,5.25
916,truyện,5.25
917,tải,5.25
918,xanh,5.25
919,cháu,5.24
920,cà,5.24
921,cứng,5.24
922,john,5.24
923,khúc,5.24
924,lắm,5.24
925,nóng,5.24
926,phóng,5.24
927,thiệu,5.24
928,trưng,5.24
929,tĩnh,5.24
930,video,5.24
931,xét,5.24
932,ánh,5.24
933,đích,5.24
934,buộc,5.23
935,bây,5.23
936,dụ,5.23
937,giấy,5.23
938,hùng,5.23
939,hưng,5.23
940,khăn,5.23
941,ly,5.23
942,phí,5.23
943,phường,5.23
944,phật,5.23
945,siêu,5.23
946,soát,5.23
947,sóng,5.23
948,thí,5.23
949,trùng,5.23
950,trừ,5.23
951,tóc,5.23
952,tạp,5.23
953,tồn,5.23
954,xấu,5.23
955,đương,5.23
956,đấy,5.23
957,chào,5.22
958,hàm,5.22
959,liệt,5.22
960,lạnh,5.22
961,mái,5.22
962,thận,5.22
963,trụ,5.22
964,tu,5.22
965,x,5.22
966,đột,5.22
967,and,5.21
968,chàng,5.21
969,chăm,5.21
970,dần,5.21
971,góp,5.21
972,lão,5.21
973,lược,5.21
974,lục,5.21
975,ngân,5.21
976,ngôn,5.21
977,ngươi,5.21
978,rời,5.21
979,túi,5.21
980,tường,5.21
981,miệng,5.2
982,rừng,5.2
983,sứ,5.2
984,sửa,5.2
985,u,5.2
986,ô,5.2
987,điển,5.2
988,ương,5.2
989,cường,5.19
990,họa,5.19
991,hủy,5.19
992,nhiêu,5.19
993,phê,5.19
994,rút,5.19
995,thụ,5.19
996,vĩnh,5.19
997,xứ,5.19
998,ích,5.19
999,đoán,5.19
1000,kê,5.18
1001,mừng,5.18
1002,tông,5.18
1003,tầm,5.18
1004,tỏ,5.18
1005,vườn,5.18
1006,xương,5.18
1007,đạn,5.18
1008,đứa,5.18
1009,bữa,5.17
1010,chúc,5.17
1011,e,5.17
1012,hẳn,5.17
1013,kháng,5.17
1014,loài,5.17
1015,loạn,5.17
1016,nhiễm,5.17
1017,sa,5.17
1018,v,5.17
1019,võ,5.17
1020,vết,5.17
1021,xúc,5.17
1022,đỡ,5.17
1023,buồn,5.16
1024,chim,5.16
1025,chu,5.16
1026,chữa,5.16
1027,cưới,5.16
1028,diệt,5.16
1029,dõi,5.16
1030,giản,5.16
1031,gắng,5.16
1032,hề,5.16
1033,lính,5.16
1034,mùi,5.16
1035,quên,5.16
1036,rơi,5.16
1037,sàng,5.16
1038,sóc,5.16
1039,sạch,5.16
1040,thôn,5.16
1041,tạm,5.16
1042,tả,5.16
1043,tấm,5.16
1044,đám,5.16
1045,chỉnh,5.15
1046,dầu,5.15
1047,hộp,5.15
1048,kì,5.15
1049,nổ,5.15
1050,thỏa,5.15
1051,thờ,5.15
1052,vinh,5.15
1053,vân,5.15
1054,web,5.15
1055,đón,5.15
1056,đợi,5.15
1057,bày,5.14
1058,bụng,5.14
1059,hồn,5.14
1060,loạt,5.14
1061,lành,5.14
1062,nâng,5.14
1063,rối,5.14
1064,sắt,5.14
1065,tam,5.14
1066,đẩy,5.14
1067,bạch,5.13
1068,chó,5.13
1069,cơn,5.13
1070,lượt,5.13
1071,lối,5.13
1072,nỗi,5.13
1073,nửa,5.13
1074,thăm,5.13
1075,trải,5.13
1076,tá,5.13
1077,chóng,5.12
1078,game,5.12
1079,h,5.12
1080,khắp,5.12
1081,khủng,5.12
1082,mắc,5.12
1083,n,5.12
1084,new,5.12
1085,nguyện,5.12
1086,ngũ,5.12
1087,nắm,5.12
1088,quà,5.12
1089,thuê,5.12
1090,thập,5.12
1091,đậu,5.12
1092,bom,5.11
1093,bạc,5.11
1094,dừng,5.11
1095,khánh,5.11
1096,ko,5.11
1097,màn,5.11
1098,mộ,5.11
1099,ngược,5.11
1100,nợ,5.11
1101,thổ,5.11
1102,tiện,5.11
1103,triều,5.11
1104,tắm,5.11
1105,0,5.1
1106,bãi,5.1
1107,chùa,5.1
1108,chảy,5.1
1109,già,5.1
1110,hảo,5.1
1111,lông,5.1
1112,ngừng,5.1
1113,of,5.1
1114,sung,5.1
1115,thác,5.1
1116,uy,5.1
1117,ẩm,5.1
1118,bọn,5.09
1119,bốn,5.09
1120,chặt,5.09
1121,cát,5.09
1122,hút,5.09
1123,liền,5.09
1124,não,5.09
1125,trại,5.09
1126,tù,5.09
1127,tắt,5.09
1128,đà,5.09
1129,bậc,5.08
1130,giáp,5.08
1131,mực,5.08
1132,no,5.08
1133,s,5.08
1134,thọ,5.08
1135,tắc,5.08
1136,website,5.08
1137,xinh,5.08
1138,đèn,5.08
1139,đỉnh,5.08
1140,ẩn,5.08
1141,bang,5.07
1142,chậm,5.07
1143,chụp,5.07
1144,hoá,5.07
1145,hài,5.07
1146,hào,5.07
1147,hẹn,5.07
1148,ngàn,5.07
1149,săn,5.07
1150,sổ,5.07
1151,thang,5.07
1152,thước,5.07
1153,thở,5.07
1154,tặng,5.07
1155,tờ,5.07
1156,can,5.06
1157,cháy,5.06
1158,d,5.06
1159,giành,5.06
1160,gà,5.06
1161,hổ,5.06
1162,khiển,5.06
1163,khổ,5.06
1164,kênh,5.06
1165,mệnh,5.06
1166,nghề,5.06
1167,phái,5.06
1168,thù,5.06
1169,thạch,5.06
1170,trấn,5.06
1171,tùy,5.06
1172,đẳng,5.06
1173,đế,5.06
1174,hè,5.05
1175,lưng,5.05
1176,mạc,5.05
1177,quê,5.05
1178,tan,5.05
1179,thuyền,5.05
1180,trào,5.05
1181,trông,5.05
1182,tô,5.05
1183,đệ,5.05
1184,bờ,5.04
1185,dàng,5.04
1186,dậy,5.04
1187,dị,5.04
1188,dọa,5.04
1189,gắn,5.04
1190,lỗ,5.04
1191,mê,5.04
1192,mười,5.04
1193,mắn,5.04
1194,phiếu,5.04
1195,quỹ,5.04
1196,trữ,5.04
1197,đo,5.04
1198,ưu,5.04
1199,bò,5.03
1200,bật,5.03
1201,giường,5.03
1202,kêu,5.03
1203,mũi,5.03
1204,ngô,5.03
1205,thẩm,5.03
1206,vĩ,5.03
1207,đáp,5.03
1208,cẩn,5.02
1209,cặp,5.02
1210,dao,5.02
1211,hấp,5.02
1212,hỏng,5.02
1213,khoản,5.02
1214,lộc,5.02
1215,mệt,5.02
1216,thăng,5.02
1217,địch,5.02
1218,ả,5.02
1219,bề,5.01
1220,chạm,5.01
1221,chặn,5.01
1222,cương,5.01
1223,dưỡng,5.01
1224,dạ,5.01
1225,gió,5.01
1226,giỏi,5.01
1227,hỏa,5.01
1228,lẫn,5.01
1229,sáu,5.01
1230,tệ,5.01
1231,bồ,5.0
1232,che,5.0
1233,giấc,5.0
1234,họp,5.0
1235,hứng,5.0
1236,lí,5.0
1237,mày,5.0
1238,trồng,5.0
1239,tán,5.0
1240,tổn,5.0
1241,cam,4.99
1242,dám,4.99
1243,ga,4.99
1244,ghế,4.99
1245,giây,4.99
1246,giọng,4.99
1247,gỗ,4.99
1248,khám,4.99
1249,miễn,4.99
1250,ngang,4.99
1251,nhẹ,4.99
1252,nỗ,4.99
1253,thiệt,4.99
1254,thua,4.99
1255,tri,4.99
1256,tỉ,4.99
1257,viễn,4.99
1258,vỡ,4.99
1259,york,4.99
1260,ác,4.99
1261,ống,4.99
1262,bi,4.98
1263,giảng,4.98
1264,hoang,4.98
1265,huyền,4.98
1266,huấn,4.98
1267,mông,4.98
1268,mưa,4.98
1269,niềm,4.98
1270,tàn,4.98
1271,đuổi,4.98
1272,đỗ,4.98
1273,bá,4.97
1274,cổng,4.97
1275,cờ,4.97
1276,ha,4.97
1277,khô,4.97
1278,lầm,4.97
1279,phức,4.97
1280,trục,4.97
1281,usd,4.97
1282,xâm,4.97
1283,ủng,4.97
1284,bè,4.96
1285,city,4.96
1286,cân,4.96
1287,cấm,4.96
1288,huynh,4.96
1289,hứa,4.96
1290,kho,4.96
1291,kịch,4.96
1292,on,4.96
1293,phan,4.96
1294,phạt,4.96
1295,sài,4.96
1296,sạn,4.96
1297,thoải,4.96
1298,tung,4.96
1299,tần,4.96
1300,vẽ,4.96
1301,bối,4.95
1302,canh,4.95
1303,góc,4.95
1304,hiến,4.95
1305,nhu,4.95
1306,phán,4.95
1307,răng,4.95
1308,tháp,4.95
1309,top,4.95
1310,trú,4.95
1311,trăm,4.95
1312,trống,4.95
1313,túc,4.95
1314,xưa,4.95
1315,biện,4.94
1316,chối,4.94
1317,chợ,4.94
1318,khán,4.94
1319,lặng,4.94
1320,phu,4.94
1321,xu,4.94
1322,đai,4.94
1323,đập,4.94
1324,đốt,4.94
1325,bão,4.93
1326,chuột,4.93
1327,chấm,4.93
1328,cốt,4.93
1329,gòn,4.93
1330,james,4.93
1331,khóc,4.93
1332,loan,4.93
1333,lãng,4.93
1334,lăng,4.93
1335,lưới,4.93
1336,mẽ,4.93
1337,nhắn,4.93
1338,ném,4.93
1339,pha,4.93
1340,thảm,4.93
1341,tròn,4.93
1342,trứng,4.93
1343,tứ,4.93
1344,vạn,4.93
1345,đinh,4.93
1346,bơi,4.92
1347,cỏ,4.92
1348,dĩ,4.92
1349,gấp,4.92
1350,lui,4.92
1351,ngọt,4.92
1352,nhảy,4.92
1353,thai,4.92
1354,thuế,4.92
1355,thẻ,4.92
1356,trốn,4.92
1357,tọa,4.92
1358,tụ,4.92
1359,vỏ,4.92
1360,đe,4.92
1361,điệu,4.92
1362,đua,4.92
1363,bạo,4.91
1364,cup,4.91
1365,cản,4.91
1366,dũng,4.91
1367,dư,4.91
1368,g,4.91
1369,giàu,4.91
1370,giày,4.91
1371,hô,4.91
1372,hư,4.91
1373,khấu,4.91
1374,lam,4.91
1375,mi,4.91
1376,mãn,4.91
1377,o,4.91
1378,phước,4.91
1379,rãi,4.91
1380,vong,4.91
1381,đền,4.91
1382,chừng,4.9
1383,dặm,4.9
1384,internet,4.9
1385,k,4.9
1386,khuyên,4.9
1387,kịp,4.9
1388,mảnh,4.9
1389,ngực,4.9
1390,rác,4.9
1391,tha,4.9
1392,thả,4.9
1393,tiệc,4.9
1394,treo,4.9
1395,tách,4.9
1396,tống,4.9
1397,ung,4.9
1398,đuôi,4.9
1399,đòi,4.9
1400,bám,4.89
1401,dày,4.89
1402,hiển,4.89
1403,kg,4.89
1404,lang,4.89
1405,ngã,4.89
1406,rửa,4.89
1407,thịnh,4.89
1408,đĩa,4.89
1409,đồn,4.89
1410,buôn,4.88
1411,chánh,4.88
1412,cựu,4.88
1413,km,4.88
1414,kém,4.88
1415,phỏng,4.88
1416,trà,4.88
1417,you,4.88
1418,ép,4.88
1419,úc,4.88
1420,điệp,4.88
1421,ạ,4.88
1422,ấm,4.88
1423,ốc,4.88
1424,bảy,4.87
1425,chuỗi,4.87
1426,căng,4.87
1427,dinh,4.87
1428,dính,4.87
1429,hoài,4.87
1430,lôi,4.87
1431,michael,4.87
1432,nhánh,4.87
1433,tháo,4.87
1434,thằng,4.87
1435,tiếc,4.87
1436,trích,4.87
1437,tảng,4.87
1438,world,4.87
1439,xứng,4.87
1440,đựng,4.87
1441,ảo,4.87
1442,cỡ,4.86
1443,hiếm,4.86
1444,hiếu,4.86
1445,hầm,4.86
1446,lào,4.86
1447,mộc,4.86
1448,tùng,4.86
1449,vé,4.86
1450,bia,4.85
1451,chấn,4.85
1452,cú,4.85
1453,cất,4.85
1454,cột,4.85
1455,david,4.85
1456,dược,4.85
1457,gan,4.85
1458,giận,4.85
1459,hoà,4.85
1460,hung,4.85
1461,man,4.85
1462,mau,4.85
1463,mát,4.85
1464,mưu,4.85
1465,p,4.85
1466,thuần,4.85
1467,thợ,4.85
1468,trăng,4.85
1469,ám,4.85
1470,đợt,4.85
1471,chín,4.84
1472,cán,4.84
1473,cảng,4.84
1474,http,4.84
1475,r,4.84
1476,san,4.84
1477,sót,4.84
1478,trạm,4.84
1479,tước,4.84
1480,ái,4.84
1481,đeo,4.84
1482,đàm,4.84
1483,bẩn,4.83
1484,bếp,4.83
1485,cướp,4.83
1486,dọc,4.83
1487,gương,4.83
1488,is,4.83
1489,lô,4.83
1490,non,4.83
1491,thiểu,4.83
1492,thách,4.83
1493,trinh,4.83
1494,trúng,4.83
1495,tàng,4.83
1496,tựa,4.83
1497,van,4.83
1498,ân,4.83
1499,điền,4.83
1500,bến,4.82
1501,cai,4.82
1502,chủng,4.82
1503,dàn,4.82
1504,dứt,4.82
1505,hi,4.82
1506,huyết,4.82
1507,huế,4.82
1508,ii,4.82
1509,khổng,4.82
1510,kiên,4.82
1511,miếng,4.82
1512,ngạc,4.82
1513,ngọn,4.82
1514,nhi,4.82
1515,sẻ,4.82
1516,tuyết,4.82
1517,bát,4.81
1518,bột,4.81
1519,chinh,4.81
1520,cốc,4.81
1521,giam,4.81
1522,khuyến,4.81
1523,kệ,4.81
1524,lũ,4.81
1525,lừa,4.81
1526,me,4.81
1527,nghèo,4.81
1528,ngón,4.81
1529,ngơi,4.81
1530,ngại,4.81
1531,nấu,4.81
1532,park,4.81
1533,say,4.81
1534,than,4.81
1535,tuấn,4.81
1536,chở,4.8
1537,cãi,4.8
1538,george,4.8
1539,ho,4.8
1540,hán,4.8
1541,hỗn,4.8
1542,khuôn,4.8
1543,kèm,4.8
1544,nhẫn,4.8
1545,singapore,4.8
1546,sánh,4.8
1547,sữa,4.8
1548,thiền,4.8
1549,thùng,4.8
1550,trưa,4.8
1551,xóa,4.8
1552,duyệt,4.79
1553,dường,4.79
1554,hang,4.79
1555,hoan,4.79
1556,mèo,4.79
1557,móc,4.79
1558,phiền,4.79
1559,pháo,4.79
1560,soạn,4.79
1561,thám,4.79
1562,tú,4.79
1563,ôm,4.79
1564,chán,4.78
1565,cụm,4.78
1566,giãn,4.78
1567,hòn,4.78
1568,hối,4.78
1569,luân,4.78
1570,lát,4.78
1571,mạn,4.78
1572,mồi,4.78
1573,rắn,4.78
1574,sỹ,4.78
1575,thải,4.78
1576,viêm,4.78
1577,bách,4.77
1578,co,4.77
1579,dã,4.77
1580,hằng,4.77
1581,khái,4.77
1582,phẫu,4.77
1583,trầm,4.77
1584,trộm,4.77
1585,xưởng,4.77
1586,đan,4.77
1587,ức,4.77
1588,bận,4.76
1589,chai,4.76
1590,chiêu,4.76
1591,chăn,4.76
1592,côn,4.76
1593,cẩm,4.76
1594,de,4.76
1595,khẳng,4.76
1596,kín,4.76
1597,liều,4.76
1598,mm,4.76
1599,my,4.76
1600,nho,4.76
1601,nô,4.76
1602,quyển,4.76
1603,rau,4.76
1604,tia,4.76
1605,tiêm,4.76
1606,windows,4.76
1607,úy,4.76
1608,chìm,4.75
1609,cám,4.75
1610,for,4.75
1611,khung,4.75
1612,khát,4.75
1613,kĩ,4.75
1614,malaysia,4.75
1615,muối,4.75
1616,màng,4.75
1617,mộng,4.75
1618,thép,4.75
1619,thụy,4.75
1620,tour,4.75
1621,tuân,4.75
1622,tám,4.75
1623,táo,4.75
1624,tốn,4.75
1625,vững,4.75
1626,xạ,4.75
1627,bông,4.74
1628,cửu,4.74
1629,dâm,4.74
1630,hoảng,4.74
1631,khoan,4.74
1632,khôi,4.74
1633,khẩn,4.74
1634,leo,4.74
1635,lưỡi,4.74
1636,lồ,4.74
1637,mạo,4.74
1638,nhuận,4.74
1639,nhị,4.74
1640,sàn,4.74
1641,túy,4.74
1642,đầm,4.74
1643,album,4.73
1644,bùi,4.73
1645,google,4.73
1646,khoáng,4.73
1647,khuẩn,4.73
1648,khích,4.73
1649,khứ,4.73
1650,kiều,4.73
1651,lẻ,4.73
1652,lọc,4.73
1653,paris,4.73
1654,peter,4.73
1655,trôi,4.73
1656,trượt,4.73
1657,vuông,4.73
1658,xá,4.73
1659,ơi,4.73
1660,bụi,4.72
1661,chép,4.72
1662,duyên,4.72
1663,gián,4.72
1664,men,4.72
1665,mây,4.72
1666,mù,4.72
1667,quỷ,4.72
1668,sợi,4.72
1669,tao,4.72
1670,tủ,4.72
1671,vây,4.72
1672,đặng,4.72
1673,chư,4.71
1674,chả,4.71
1675,dọn,4.71
1676,hẹp,4.71
1677,kem,4.71
1678,kiệt,4.71
1679,lân,4.71
1680,lồng,4.71
1681,muộn,4.71
1682,mì,4.71
1683,nguyệt,4.71
1684,ngầm,4.71
1685,nét,4.71
1686,nấm,4.71
1687,phe,4.71
1688,quái,4.71
1689,tiềm,4.71
1690,trịnh,4.71
1691,vội,4.71
1692,đoạt,4.71
1693,đói,4.71
1694,bỉ,4.7
1695,gói,4.7
1696,hiền,4.7
1697,lỏng,4.7
1698,ngắm,4.7
1699,rồng,4.7
1700,su,4.7
1701,tang,4.7
1702,thạnh,4.7
1703,xoay,4.7
1704,à,4.7
1705,đằng,4.7
1706,ổ,4.7
1707,bồi,4.69
1708,canada,4.69
1709,dáng,4.69
1710,ghé,4.69
1711,giáng,4.69
1712,league,4.69
1713,lãm,4.69
1714,mến,4.69
1715,na,4.69
1716,nhãn,4.69
1717,nhượng,4.69
1718,nút,4.69
1719,nướng,4.69
1720,sốt,4.69
1721,thưa,4.69
1722,tv,4.69
1723,tươi,4.69
1724,ven,4.69
1725,xô,4.69
1726,ôn,4.69
1727,by,4.68
1728,bút,4.68
1729,dạo,4.68
1730,it,4.68
1731,khen,4.68
1732,khôn,4.68
1733,kí,4.68
1734,lắp,4.68
1735,mồ,4.68
1736,nhấn,4.68
1737,paul,4.68
1738,tạ,4.68
1739,vang,4.68
1740,vú,4.68
1741,xích,4.68
1742,đồi,4.68
1743,ấp,4.68
1744,axit,4.67
1745,cống,4.67
1746,giấu,4.67
1747,heo,4.67
1748,hôi,4.67
1749,kỉ,4.67
1750,lò,4.67
1751,lầu,4.67
1752,mọc,4.67
1753,mỏi,4.67
1754,nạp,4.67
1755,nẵng,4.67
1756,triết,4.67
1757,tóm,4.67
1758,xóm,4.67
1759,bọc,4.66
1760,cáp,4.66
1761,dâng,4.66
1762,hot,4.66
1763,huỳnh,4.66
1764,hâm,4.66
1765,lee,4.66
1766,mươi,4.66
1767,nghìn,4.66
1768,nâu,4.66
1769,nương,4.66
1770,quét,4.66
1771,ruột,4.66
1772,sưu,4.66
1773,virus,4.66
1774,đẻ,4.66
1775,all,4.65
1776,bốc,4.65
1777,bội,4.65
1778,cm,4.65
1779,cược,4.65
1780,dâu,4.65
1781,im,4.65
1782,lúa,4.65
1783,lợn,4.65
1784,nạ,4.65
1785,rũ,4.65
1786,thiệp,4.65
1787,thoái,4.65
1788,thổi,4.65
1789,tiệm,4.65
1790,trộn,4.65
1791,va,4.65
1792,giật,4.64
1793,gã,4.64
1794,hận,4.64
1795,mét,4.64
1796,mỏ,4.64
1797,ngư,4.64
1798,ngập,4.64
1799,nhầm,4.64
1800,nụ,4.64
1801,suối,4.64
1802,tớ,4.64
1803,điên,4.64
1804,đạp,4.64
1805,chôn,4.63
1806,chăng,4.63
1807,gợi,4.63
1808,huệ,4.63
1809,hãi,4.63
1810,hưu,4.63
1811,kiếp,4.63
1812,má,4.63
1813,mũ,4.63
1814,nai,4.63
1815,ng,4.63
1816,nhạt,4.63
1817,nhịp,4.63
1818,phế,4.63
1819,đáy,4.63
1820,đâm,4.63
1821,đống,4.63
1822,đớn,4.63
1823,henry,4.62
1824,huống,4.62
1825,khang,4.62
1826,lưỡng,4.62
1827,lỡ,4.62
1828,nhắm,4.62
1829,nát,4.62
1830,phẳng,4.62
1831,quỳnh,4.62
1832,robert,4.62
1833,tràn,4.62
1834,tạng,4.62
1835,váy,4.62
1836,with,4.62
1837,diệu,4.61
1838,dịp,4.61
1839,f,4.61
1840,file,4.61
1841,ghép,4.61
1842,group,4.61
1843,gỡ,4.61
1844,kh,4.61
1845,khoẻ,4.61
1846,london,4.61
1847,mark,4.61
1848,one,4.61
1849,phấn,4.61
1850,uỷ,4.61
1851,óc,4.61
1852,đắc,4.61
1853,am,4.6
1854,buông,4.6
1855,béo,4.6
1856,bê,4.6
1857,bấy,4.6
1858,camera,4.6
1859,cúc,4.6
1860,dò,4.6
1861,gạo,4.6
1862,khói,4.6
1863,li,4.6
1864,ngưỡng,4.6
1865,ong,4.6
1866,protein,4.6
1867,quyến,4.6
1868,quát,4.6
1869,vịnh,4.6
1870,xi,4.6
1871,ưa,4.6
1872,bàng,4.59
1873,bền,4.59
1874,cự,4.59
1875,gánh,4.59
1876,gối,4.59
1877,khoác,4.59
1878,lùi,4.59
1879,lặp,4.59
1880,mary,4.59
1881,ngoan,4.59
1882,ngộ,4.59
1883,nộp,4.59
1884,thắc,4.59
1885,thỉnh,4.59
1886,trân,4.59
1887,đậm,4.59
1888,bớt,4.58
1889,ghét,4.58
1890,hoại,4.58
1891,mexico,4.58
1892,móng,4.58
1893,măng,4.58
1894,rốt,4.58
1895,ti,4.58
1896,tật,4.58
1897,xăng,4.58
1898,bar,4.57
1899,charles,4.57
1900,chuông,4.57
1901,cong,4.57
1902,cắm,4.57
1903,diệp,4.57
1904,dãy,4.57
1905,gai,4.57
1906,khoá,4.57
1907,lùng,4.57
1908,lệch,4.57
1909,lộn,4.57
1910,mượn,4.57
1911,mảng,4.57
1912,nề,4.57
1913,quỳ,4.57
1914,richard,4.57
1915,rẻ,4.57
1916,sụp,4.57
1917,tre,4.57
1918,youtube,4.57
1919,đáo,4.57
1920,air,4.56
1921,bái,4.56
1922,bỏng,4.56
1923,củng,4.56
1924,model,4.56
1925,ngự,4.56
1926,syria,4.56
1927,thuẫn,4.56
1928,trật,4.56
1929,vả,4.56
1930,đc,4.56
1931,đùa,4.56
1932,ồn,4.56
1933,bùng,4.55
1934,bọ,4.55
1935,chìa,4.55
1936,cơm,4.55
1937,cạn,4.55
1938,frank,4.55
1939,indonesia,4.55
1940,khuyết,4.55
1941,lau,4.55
1942,lót,4.55
1943,lật,4.55
1944,ngưng,4.55
1945,ngợi,4.55
1946,nhĩ,4.55
1947,nhựa,4.55
1948,nở,4.55
1949,online,4.55
1950,phổi,4.55
1951,ranh,4.55
1952,sướng,4.55
1953,thoảng,4.55
1954,thỏ,4.55
1955,tráng,4.55
1956,v.v,4.55
1957,voi,4.55
1958,vành,4.55
1959,william,4.55
1960,bưu,4.54
1961,chốt,4.54
1962,cuồng,4.54
1963,dẹp,4.54
1964,inch,4.54
1965,làn,4.54
1966,lọt,4.54
1967,nhàng,4.54
1968,nhện,4.54
1969,nêu,4.54
1970,nắng,4.54
1971,phun,4.54
1972,phùng,4.54
1973,phượng,4.54
1974,ruộng,4.54
1975,rắc,4.54
1976,sói,4.54
1977,taxi,4.54
1978,thắt,4.54
1979,tom,4.54
1980,tuệ,4.54
1981,tò,4.54
1982,vu,4.54
1983,đ,4.54
1984,đòn,4.54
1985,đúc,4.54
1986,đắn,4.54
1987,ướt,4.54
1988,campuchia,4.53
1989,carl,4.53
1990,chẽ,4.53
1991,cậy,4.53
1992,cắn,4.53
1993,dong,4.53
1994,dối,4.53
1995,gấu,4.53
1996,harry,4.53
1997,hân,4.53
1998,khớp,4.53
1999,lạt,4.53
2000,martin,4.53
